2P (nba 2017 players with salary wiki twitter.csv),2P% (nba 2017 players with salary wiki twitter.csv),2P%,2PA (nba 2017 players with salary wiki twitter.csv),2PA,2P,3P (nba 2017 players with salary wiki twitter.csv),3P% (nba 2017 players with salary wiki twitter.csv),3P%,3PA (nba 2017 players with salary wiki twitter.csv),3PA,3P,AGE (nba 2017 players with salary wiki twitter.csv),AGE,AST (nba 2017 players with salary wiki twitter.csv),AST,BLK (nba 2017 players with salary wiki twitter.csv),BLK,DRB (nba 2017 players with salary wiki twitter.csv),DRB,DRPM (nba 2017 players with salary wiki twitter.csv),Drpm,F1 (nba 2017 players with salary wiki twitter.csv),F1,FG (nba 2017 players with salary wiki twitter.csv),FG% (nba 2017 players with salary wiki twitter.csv),FG%,FGA (nba 2017 players with salary wiki twitter.csv),FGA,FG,FT (nba 2017 players with salary wiki twitter.csv),FT% (nba 2017 players with salary wiki twitter.csv),FT%,FTA (nba 2017 players with salary wiki twitter.csv),FTA,FT,GP (nba 2017 players with salary wiki twitter.csv),GP,MP (nba 2017 players with salary wiki twitter.csv),MPG (nba 2017 players with salary wiki twitter.csv),MPG,MP,Number of Records,ORB (nba 2017 players with salary wiki twitter.csv),ORB,ORPM (nba 2017 players with salary wiki twitter.csv),Orpm,PACE (nba 2017 players with salary wiki twitter.csv),Pace,Pageviews,PF (nba 2017 players with salary wiki twitter.csv),PF,PIE (nba 2017 players with salary wiki twitter.csv),PIE,PLAYER (nba 2017 players with salary wiki twitter.csv),Player,POINTS (nba 2017 players with salary wiki twitter.csv),Points,POSITION (nba 2017 players with salary wiki twitter.csv),Position,RPM (nba 2017 players with salary wiki twitter.csv),RPM,Rk (nba 2017 players with salary wiki twitter.csv),Rk,Salary Millions,STL (nba 2017 players with salary wiki twitter.csv),STL,TEAM (nba 2017 players with salary wiki twitter.csv),Team,TOV (nba 2017 players with salary wiki twitter.csv),TOV,TRB (nba 2017 players with salary wiki twitter.csv),TRB,Twitter Favorite Count,Twitter Retweet Count,W (nba 2017 players with salary wiki twitter.csv),WINS RPM (nba 2017 players with salary wiki twitter.csv),Wins Rpm,W,eFG% (nba 2017 players with salary wiki twitter.csv),eFG%
7.7,0.459,0.459,16.8,16.8,7.7,2.5,0.343,0.343,7.2,7.2,2.5,28,28,10.4,10.4,0.4,0.4,9,9,-0.47,-0.47,0,0,10.2,0.425,0.425,24,24,10.2,8.8,0.845,0.845,10.4,10.4,8.8,81,81,34.6,34.6,34.6,34.6,1,1.7,1.7,6.74,6.74,102.31,102.31,4279,2.3,2.3,23,23,Russell Westbrook,Russell Westbrook,31.6,31.6,PG,PG,6.27,6.27,1,1,26.5,1.6,1.6,OKC,OKC,5.4,5.4,10.7,10.7,2130.5,559,46,17.34,17.34,46,0.476,0.476
5.1,0.53,0.53,9.6,9.6,5.1,3.2,0.347,0.347,9.3,9.3,3.2,27,27,11.2,11.2,0.5,0.5,7,7,-1.57,-1.57,1,1,8.3,0.44,0.44,18.9,18.9,8.3,9.2,0.847,0.847,10.9,10.9,9.2,81,81,36.4,36.4,36.4,36.4,1,1.2,1.2,6.38,6.38,102.98,102.98,3279,2.7,2.7,19,19,James Harden,James Harden,29.1,29.1,PG,PG,4.81,4.81,2,2,26.5,1.5,1.5,HOU,HOU,5.7,5.7,8.1,8.1,969,321.5,54,15.54,15.54,54,0.525,0.525
9.7,0.524,0.524,18.6,18.6,9.7,0.5,0.299,0.299,1.8,1.8,0.5,23,23,2.1,2.1,2.2,2.2,9.5,9.5,3.9,3.9,2,3,10.3,0.505,0.505,20.3,20.3,10.3,6.9,0.802,0.802,8.6,8.6,6.9,75,75,36.1,36.1,36.1,36.1,1,2.3,2.3,0.45,0.45,100.19,100.19,82.5,2.2,2.2,19.2,19.2,Anthony Davis,Anthony Davis,28,28,C,C,4.35,4.35,4,4,22.12,1.3,1.3,NO,NO,2.4,2.4,11.8,11.8,368,104,31,12.81,12.81,31,0.518,0.518
7.2,0.483,0.483,14.8,14.8,7.2,1.8,0.361,0.361,5,5,1.8,26,26,4.6,4.6,1.3,1.3,8.9,8.9,0.64,0.64,3,5,9,0.452,0.452,19.9,19.9,9,7.2,0.772,0.772,9.3,9.3,7.2,72,72,34.2,34.2,34.2,34.2,1,2.1,2.1,3.56,3.56,97.11,97.11,1625.5,3.9,3.9,17.8,17.8,DeMarcus Cousins,DeMarcus Cousins,27,27,C,C,4.2,4.2,6,6,16.96,1.4,1.4,NO/SAC,NO/SAC,3.7,3.7,11,11,102,91.5,30,11.26,11.26,30,0.498,0.498
6,0.492,0.492,12.1,12.1,6,2.9,0.37,0.37,7.7,7.7,2.9,26,26,5.9,5.9,0.3,0.3,4.3,4.3,-1.49,-1.49,4,6,8.8,0.444,0.444,19.8,19.8,8.8,6.5,0.895,0.895,7.3,7.3,6.5,75,75,35.9,35.9,35.9,35.9,1,0.6,0.6,4.63,4.63,99.68,99.68,1830.5,2,2,15.9,15.9,Damian Lillard,Damian Lillard,27,27,PG,PG,3.14,3.14,7,7,24.33,0.9,0.9,POR,POR,2.6,2.6,4.9,4.9,186.5,43,38,10.72,10.72,38,0.516,0.516
8.3,0.611,0.611,13.5,13.5,8.3,1.7,0.363,0.363,4.6,4.6,1.7,32,32,8.7,8.7,0.6,0.6,7.3,7.3,1.93,1.93,5,7,9.9,0.548,0.548,18.2,18.2,9.9,4.8,0.674,0.674,7.2,7.2,4.8,74,74,37.8,37.8,37.8,37.8,1,1.3,1.3,6.49,6.49,98.38,98.38,14704,1.8,1.8,18.3,18.3,LeBron James,LeBron James,26.4,26.4,SF,SF,8.42,8.42,8,8,30.96,1.2,1.2,CLE,CLE,4.1,4.1,8.6,8.6,5533.5,1501.5,51,20.43,20.43,51,0.594,0.594
6.6,0.529,0.529,12.5,12.5,6.6,2,0.38,0.38,5.2,5.2,2,25,25,3.5,3.5,0.7,0.7,4.7,4.7,1.25,1.25,6,8,8.6,0.485,0.485,17.7,17.7,8.6,6.3,0.88,0.88,7.2,7.2,6.3,74,74,33.4,33.4,33.4,33.4,1,1.1,1.1,5.83,5.83,95.79,95.79,2446.5,1.6,1.6,17.4,17.4,Kawhi Leonard,Kawhi Leonard,25.5,25.5,SF,SF,7.08,7.08,9,9,17.64,1.8,1.8,SA,SA,2.1,2.1,5.8,5.8,2701.5,716.5,54,15.53,15.53,54,0.541,0.541
4.4,0.537,0.537,8.3,8.3,4.4,4.1,0.411,0.411,10,10,4.1,28,28,6.6,6.6,0.2,0.2,3.7,3.7,0.14,0.14,7,9,8.5,0.468,0.468,18.3,18.3,8.5,4.1,0.898,0.898,4.6,4.6,4.1,79,79,33.4,33.4,33.4,33.4,1,0.8,0.8,7.27,7.27,105.08,105.08,17570.5,2.3,2.3,15.1,15.1,Stephen Curry,Stephen Curry,25.3,25.3,PG,PG,7.41,7.41,10,10,12.11,1.8,1.8,GS,GS,3,3,4.5,4.5,12278,2893,65,18.8,18.8,65,0.58,0.58
6.9,0.505,0.505,13.6,13.6,6.9,2.5,0.401,0.401,6.1,6.1,2.5,24,24,5.8,5.8,0.3,0.3,2.5,2.5,-2.3,-2.3,8,10,9.3,0.473,0.473,19.7,19.7,9.3,4.1,0.905,0.905,4.6,4.6,4.1,72,72,35.1,35.1,35.1,35.1,1,0.7,0.7,4.35,4.35,99.12,99.12,4796,2.2,2.2,13.5,13.5,Kyrie Irving,Kyrie Irving,25.2,25.2,PG,PG,2.05,2.05,11,11,17.64,1.2,1.2,CLE,CLE,2.5,2.5,3.2,3.2,1541,695,47,8.28,8.28,47,0.535,0.535
7,0.608,0.608,11.5,11.5,7,1.9,0.375,0.375,5,5,1.9,28,28,4.8,4.8,1.6,1.6,7.6,7.6,1.33,1.33,9,11,8.9,0.537,0.537,16.5,16.5,8.9,5.4,0.875,0.875,6.2,6.2,5.4,62,62,33.4,33.4,33.4,33.4,1,0.6,0.6,4.41,4.41,103.71,103.71,6288.5,1.9,1.9,18.6,18.6,Kevin Durant,Kevin Durant,25.1,25.1,SF,SF,5.74,5.74,12,12,26.5,1.1,1.1,GS,GS,2.2,2.2,8.3,8.3,1425.5,366,51,12.24,12.24,51,0.594,0.594
8.5,0.582,0.582,14.7,14.7,8.5,1.2,0.367,0.367,3.4,3.4,1.2,21,21,2.7,2.7,1.3,1.3,8.7,8.7,-1.41,-1.41,10,12,9.8,0.542,0.542,18,18,9.8,4.3,0.832,0.832,5.2,5.2,4.3,82,82,37,37,37,37,1,3.6,3.6,3.54,3.54,97.1,97.1,2046.5,2.9,2.9,17.1,17.1,Karl-Anthony Towns,Karl-Anthony Towns,25.1,25.1,C,C,2.13,2.13,13,13,5.96,0.7,0.7,MIN,MIN,2.6,2.6,12.3,12.3,0,105,31,10,10,31,0.576,0.576
6.3,0.477,0.477,13.2,13.2,6.3,1.2,0.367,0.367,3.3,3.3,1.2,27,27,5.5,5.5,0.4,0.4,4.5,4.5,1.8,1.8,11,13,7.5,0.455,0.455,16.5,16.5,7.5,7.7,0.865,0.865,8.9,8.9,7.7,76,76,37,37,37,37,1,1.7,1.7,4.82,4.82,97.78,97.78,41,1.5,1.5,16.4,16.4,Jimmy Butler,Jimmy Butler,23.9,23.9,SF,SF,6.62,6.62,14,14,17.55,1.9,1.9,CHI,CHI,2.1,2.1,6.2,6.2,89.5,30,40,17.35,17.35,40,0.492,0.492
5.7,0.501,0.501,11.4,11.4,5.7,2.6,0.393,0.393,6.6,6.6,2.6,26,26,3.3,3.3,0.4,0.4,5.8,5.8,-0.09,-0.09,12,14,8.3,0.461,0.461,18,18,8.3,4.5,0.898,0.898,5,5,4.5,75,75,35.9,35.9,35.9,35.9,1,0.8,0.8,2.67,2.67,98.13,98.13,1600,2.7,2.7,13.6,13.6,Paul George,Paul George,23.7,23.7,SF,SF,2.58,2.58,15,15,18.31,1.6,1.6,IND,IND,2.9,2.9,6.6,6.6,228.5,128,39,9.72,9.72,39,0.534,0.534
7.4,0.473,0.473,15.6,15.6,7.4,1.3,0.356,0.356,3.5,3.5,1.3,21,21,2.3,2.3,0.4,0.4,2.8,2.8,-3.16,-3.16,13,15,8.6,0.452,0.452,19.1,19.1,8.6,5,0.76,0.76,6.6,6.6,5,82,82,37.2,37.2,37.2,37.2,1,1.2,1.2,1.56,1.56,97.56,97.56,1778.5,2.2,2.2,9.5,9.5,Andrew Wiggins,Andrew Wiggins,23.6,23.6,SF,SF,-1.6,-1.6,16,16,6.01,1,1,MIN,MIN,2.3,2.3,4,4,182,54.5,31,2.94,2.94,31,0.484,0.484
5.1,0.476,0.476,10.7,10.7,5.1,3,0.399,0.399,7.6,7.6,3,26,26,5.5,5.5,0.3,0.3,3.3,3.3,-1.25,-1.25,14,16,8.1,0.444,0.444,18.3,18.3,8.1,3.8,0.847,0.847,4.5,4.5,3.8,79,79,34.7,34.7,34.7,34.7,1,0.6,0.6,3.93,3.93,98.19,98.19,640.5,1.5,1.5,13.7,13.7,Kemba Walker,Kemba Walker,23.2,23.2,PG,PG,2.68,2.68,17,17,12,1.1,1.1,CHA,CHA,2.1,2.1,3.9,3.9,59.5,32.5,36,9.95,9.95,36,0.527,0.527
5.4,0.538,0.538,10,10,5.4,2.9,0.404,0.404,7.2,7.2,2.9,23,23,3.5,3.5,0.3,0.3,2.4,2.4,-1.04,-1.04,15,17,8.3,0.482,0.482,17.2,17.2,8.3,3.7,0.825,0.825,4.4,4.4,3.7,77,77,34.9,34.9,34.9,34.9,1,0.7,0.7,3.29,3.29,100.11,100.11,413.5,2.2,2.2,11.9,11.9,Bradley Beal,Bradley Beal,23.1,23.1,SG,SG,2.25,2.25,18,18,22.12,1.1,1.1,WSH,WSH,2,2,3.1,3.1,55.5,40.5,48,9.26,9.26,48,0.566,0.566
7.2,0.48,0.48,14.9,14.9,7.2,1.1,0.327,0.327,3.5,3.5,1.1,26,26,10.7,10.7,0.6,0.6,3.4,3.4,-1.26,-1.26,16,18,8.3,0.451,0.451,18.4,18.4,8.3,5.4,0.801,0.801,6.8,6.8,5.4,78,78,36.4,36.4,36.4,36.4,1,0.8,0.8,3.52,3.52,101.07,101.07,57,1.9,1.9,15.3,15.3,John Wall,John Wall,23.1,23.1,PG,PG,2.26,2.26,19,19,16.96,2,2,WSH,WSH,4.1,4.1,4.2,4.2,0,77,48,9.9,9.9,48,0.482,0.482
6.1,0.466,0.466,13.1,13.1,6.1,2,0.359,0.359,5.7,5.7,2,32,32,2.9,2.9,0.5,0.5,5.1,5.1,-1.75,-1.75,17,20,8.1,0.433,0.433,18.8,18.8,8.1,4.1,0.833,0.833,4.9,4.9,4.1,74,74,34.3,34.3,34.3,34.3,1,0.8,0.8,1.87,1.87,98.48,98.48,3773.5,2.7,2.7,11.8,11.8,Carmelo Anthony,Carmelo Anthony,22.4,22.4,SF,SF,0.12,0.12,22,22,24.56,0.8,0.8,NY,NY,2.1,2.1,5.9,5.9,720.5,220,29,5.26,5.26,29,0.488,0.488
4.8,0.516,0.516,9.3,9.3,4.8,3.4,0.414,0.414,8.3,8.3,3.4,26,26,2.1,2.1,0.5,0.5,3,3,-0.45,-0.45,18,22,8.3,0.468,0.468,17.6,17.6,8.3,2.4,0.853,0.853,2.8,2.8,2.4,78,78,34,34,34,34,1,0.6,0.6,2.78,2.78,102.15,102.15,3708,1.8,1.8,10.9,10.9,Klay Thompson,Klay Thompson,22.3,22.3,SG,SG,2.33,2.33,24,24,16.66,0.8,0.8,GS,GS,1.6,1.6,3.7,3.7,797,225,66,9.53,9.53,66,0.565,0.565
5.9,0.447,0.447,13.2,13.2,5.9,1.9,0.363,0.363,5.2,5.2,1.9,20,20,3.4,3.4,0.3,0.3,2.6,2.6,-2.58,-2.58,19,23,7.8,0.423,0.423,18.3,18.3,7.8,4.7,0.832,0.832,5.7,5.7,4.7,78,78,35,35,35,35,1,0.6,0.6,1.28,1.28,103.62,103.62,1210.5,3.1,3.1,8.9,8.9,Devin Booker,Devin Booker,22.1,22.1,SG,SG,-1.3,-1.3,25,25,2.22,0.9,0.9,PHX,PHX,3.1,3.1,3.2,3.2,1170.5,335.5,24,3.29,3.29,24,0.475,0.475
5.4,0.506,0.506,10.7,10.7,5.4,2,0.398,0.398,5.1,5.1,2,26,26,3.5,3.5,0.3,0.3,4.7,4.7,-0.08,-0.08,20,24,7.5,0.471,0.471,15.8,15.8,7.5,5,0.844,0.844,5.9,5.9,5,73,73,34.5,34.5,34.5,34.5,1,0.7,0.7,3.14,3.14,93.44,93.44,689,1.6,1.6,15.8,15.8,Gordon Hayward,Gordon Hayward,21.9,21.9,SF,SF,3.06,3.06,26,26,16.07,1,1,UTAH,UTAH,1.9,1.9,5.4,5.4,319,50.5,46,9.45,9.45,46,0.536,0.536
7.2,0.514,0.514,14.1,14.1,7.2,0.6,0.336,0.336,1.9,1.9,0.6,27,27,4.9,4.9,0.4,0.4,6.3,6.3,0.76,0.76,21,25,7.9,0.493,0.493,15.9,15.9,7.9,5.2,0.76,0.76,6.9,6.9,5.2,61,61,34,34,34,34,1,1.8,1.8,3.02,3.02,98.71,98.71,2257,2.6,2.6,15.2,15.2,Blake Griffin,Blake Griffin,21.6,21.6,PF,PF,3.78,3.78,27,27,20.14,0.9,0.9,LAC,LAC,2.3,2.3,8.1,8.1,269,98.5,40,9.2,9.2,40,0.513,0.513
5.2,0.477,0.477,11,11,5.2,1.6,0.335,0.335,4.7,4.7,1.6,27,27,6.3,6.3,0.5,0.5,4.1,4.1,-0.64,-0.64,22,26,6.8,0.434,0.434,15.7,15.7,6.8,5.9,0.847,0.847,6.9,6.9,5.9,66,66,33,33,33,33,1,0.8,0.8,2.33,2.33,103.09,103.09,434.5,2.5,2.5,14.1,14.1,Eric Bledsoe,Eric Bledsoe,21.1,21.1,PG,PG,1.69,1.69,28,28,14,1.4,1.4,PHX,PHX,3.4,3.4,4.8,4.8,9,30.5,22,6.85,6.85,22,0.485,0.485
4.2,0.497,0.497,8.6,8.6,4.2,2.5,0.408,0.408,6.1,6.1,2.5,29,29,6.3,6.3,0.3,0.3,3,3,-0.2,-0.2,23,27,6.7,0.46,0.46,14.6,14.6,6.7,4.6,0.859,0.859,5.3,5.3,4.6,69,69,33.2,33.2,33.2,33.2,1,0.4,0.4,4.67,4.67,94.64,94.64,11,1.8,1.8,16,16,Mike Conley,Mike Conley,20.5,20.5,PG,PG,4.47,4.47,29,29,26.54,1.3,1.3,MEM,MEM,2.3,2.3,3.5,3.5,257.5,90,35,10.5,10.5,35,0.545,0.545
5.7,0.499,0.499,11.4,11.4,5.7,1.6,0.405,0.405,4,4,1.6,30,30,5.8,5.8,0.2,0.2,3,3,-1.62,-1.62,24,29,7.3,0.475,0.475,15.4,15.4,7.3,4.1,0.79,0.79,5.2,5.2,4.1,73,73,33.7,33.7,33.7,33.7,1,0.8,0.8,2.54,2.54,98.16,98.16,19,2.7,2.7,13,13,Goran Dragic,Goran Dragic,20.3,20.3,PG,PG,0.92,0.92,31,31,15.89,1.2,1.2,MIA,MIA,2.9,2.9,3.8,3.8,62.5,45,40,6.3,6.3,40,0.527,0.527
5.3,0.495,0.495,10.7,10.7,5.3,1.2,0.367,0.367,3.2,3.2,1.2,22,22,2.1,2.1,2.5,2.5,5.9,5.9,2.27,2.27,25,30,6.5,0.466,0.466,13.8,13.8,6.5,6.2,0.783,0.783,7.9,7.9,6.2,31,31,25.4,25.4,25.4,25.4,1,2,2,-0.57,-0.57,100.25,100.25,1075.5,3.6,3.6,17.4,17.4,Joel Embiid,Joel Embiid,20.2,20.2,C,C,1.7,1.7,32,32,4.83,0.9,0.9,PHI,PHI,3.8,3.8,7.8,7.8,6852.5,2941,13,2.46,2.46,13,0.508,0.508
6.5,0.525,0.525,12.5,12.5,6.5,1.3,0.365,0.365,3.5,3.5,1.3,21,21,2.8,2.8,0.4,0.4,4.6,4.6,-1.61,-1.61,26,31,7.8,0.49,0.49,16,16,7.8,3.2,0.743,0.743,4.3,4.3,3.2,51,51,33.9,33.9,33.9,33.9,1,1.5,1.5,0.83,0.83,98.47,98.47,815,2.2,2.2,12.1,12.1,Jabari Parker,Jabari Parker,20.1,20.1,PF,PF,-0.78,-0.78,33,33,5.37,1,1,MIL,MIL,1.8,1.8,6.2,6.2,267,125,22,2.59,2.59,22,0.53,0.53
5.8,0.48,0.48,12.1,12.1,5.8,1.4,0.388,0.388,3.6,3.6,1.4,32,32,4.6,4.6,1.3,1.3,5.5,5.5,0.72,0.72,27,32,7.2,0.459,0.459,15.7,15.7,7.2,3.8,0.837,0.837,4.5,4.5,3.8,74,74,34.2,34.2,34.2,34.2,1,0.8,0.8,1.86,1.86,94.43,94.43,825,2.3,2.3,15.1,15.1,Marc Gasol,Marc Gasol,19.5,19.5,C,C,2.58,2.58,34,34,21.17,0.9,0.9,MEM,MEM,2.2,2.2,6.3,6.3,0,75.5,40,8.69,8.69,40,0.503,0.503
3.8,0.471,0.471,8,8,3.8,2.4,0.373,0.373,6.5,6.5,2.4,28,28,1.9,1.9,0.4,0.4,8.6,8.6,2.26,2.26,28,34,6.2,0.427,0.427,14.5,14.5,6.2,4.3,0.871,0.871,4.9,4.9,4.3,60,60,31.4,31.4,31.4,31.4,1,2.5,2.5,2.77,2.77,99.66,99.66,2013.5,2.1,2.1,14.8,14.8,Kevin Love,Kevin Love,19,19,PF,PF,5.03,5.03,36,36,21.17,0.9,0.9,CLE,CLE,2,2,11.1,11.1,866.5,194.5,40,9.76,9.76,40,0.51,0.51
4.4,0.515,0.515,8.5,8.5,4.4,2.6,0.387,0.387,6.6,6.6,2.6,21,21,3,3,0.2,0.2,3,3,-2.35,-2.35,29,35,6.9,0.459,0.459,15.1,15.1,6.9,2.5,0.836,0.836,3,3,2.5,47,47,37.2,37.2,37.2,37.2,1,0.4,0.4,-0.62,-0.62,96.38,96.38,1103,2.2,2.2,9.5,9.5,Zach LaVine,Zach LaVine,18.9,18.9,SG,SG,-2.97,-2.97,37,37,2.24,0.9,0.9,MIN,MIN,1.8,1.8,3.4,3.4,178.5,67,16,0.17,0.17,16,0.544,0.544
6.2,0.456,0.456,13.5,13.5,6.2,0.8,0.31,0.31,2.4,2.4,0.8,35,35,3.8,3.8,0.7,0.7,3.5,3.5,-0.46,-0.46,30,37,6.9,0.434,0.434,15.9,15.9,6.9,3.7,0.794,0.794,4.7,4.7,3.7,60,60,29.9,29.9,29.9,29.9,1,1.1,1.1,-0.45,-0.45,98.2,98.2,4671,1.9,1.9,12.1,12.1,Dwyane Wade,Dwyane Wade,18.3,18.3,SG,SG,-0.91,-0.91,39,39,23.2,1.4,1.4,CHI,CHI,2.3,2.3,4.5,4.5,349.5,149.5,29,2.52,2.52,29,0.457,0.457
3.3,0.491,0.491,6.8,6.8,3.3,2,0.389,0.389,5.1,5.1,2,28,28,2.1,2.1,0.2,0.2,4.5,4.5,0.21,0.21,31,38,5.3,0.447,0.447,11.9,11.9,5.3,5.5,0.902,0.902,6.1,6.1,5.5,63,63,33.9,33.9,33.9,33.9,1,0.6,0.6,2.67,2.67,100.53,100.53,350,1.5,1.5,11.4,11.4,Danilo Gallinari,Danilo Gallinari,18.2,18.2,SF,SF,2.88,2.88,40,40,15.05,0.6,0.6,DEN,DEN,1.3,1.3,5.2,5.2,29,6,31,8.39,8.39,31,0.531,0.531
5.1,0.486,0.486,10.6,10.6,5.1,1.1,0.311,0.311,3.5,3.5,1.1,31,31,3.7,3.7,0.9,0.9,6.1,6.1,3.35,3.35,32,39,6.2,0.442,0.442,14.1,14.1,6.2,4.5,0.768,0.768,5.9,5.9,4.5,69,69,34,34,34,34,1,1.6,1.6,1.23,1.23,100.22,100.22,436.5,2.7,2.7,12.6,12.6,Paul Millsap,Paul Millsap,18.1,18.1,PF,PF,4.58,4.58,41,41,20.07,1.3,1.3,ATL,ATL,2.3,2.3,7.7,7.7,60,32,40,11.51,11.51,40,0.481,0.481
4.1,0.518,0.518,7.9,7.9,4.1,2,0.411,0.411,5,5,2,31,31,9.2,9.2,0.1,0.1,4.3,4.3,2.76,2.76,33,40,6.1,0.476,0.476,12.9,12.9,6.1,3.8,0.892,0.892,4.3,4.3,3.8,61,61,31.5,31.5,31.5,31.5,1,0.7,0.7,5.16,5.16,98.19,98.19,2689.5,2.4,2.4,18.2,18.2,Chris Paul,Chris Paul,18.1,18.1,PG,PG,7.92,7.92,42,42,22.87,2,2,LAC,LAC,2.4,2.4,5,5,829,178.5,43,13.48,13.48,43,0.555,0.555
5,0.493,0.493,10.2,10.2,5,1.7,0.357,0.357,4.8,4.8,1.7,21,21,1.5,1.5,2,2,5.5,5.5,1.9,1.9,34,41,6.7,0.45,0.45,14.9,14.9,6.7,3,0.786,0.786,3.8,3.8,3,66,66,32.8,32.8,32.8,32.8,1,1.7,1.7,-0.31,-0.31,99.15,99.15,20,3.7,3.7,10.6,10.6,Kristaps Porzingis,Kristaps Porzingis,18.1,18.1,PF,PF,1.59,1.59,43,43,4.32,0.7,0.7,NY,NY,1.8,1.8,7.2,7.2,485,214,26,6.54,6.54,26,0.507,0.507
7,0.487,0.487,14.3,14.3,7,0.2,0.217,0.217,0.9,0.9,0.2,28,28,4.4,4.4,0.3,0.3,2.8,2.8,-2.36,-2.36,35,42,7.2,0.471,0.471,15.3,15.3,7.2,3.5,0.874,0.874,4,4,3.5,64,64,32.5,32.5,32.5,32.5,1,1,1,0.11,0.11,99.19,99.19,3273.5,1.3,1.3,11.2,11.2,Derrick Rose,Derrick Rose,18,18,PG,PG,-2.25,-2.25,44,44,21.32,0.7,0.7,NY,NY,2.3,2.3,3.8,3.8,1864,2504.5,26,1.17,1.17,26,0.477,0.477
5.7,0.487,0.487,11.6,11.6,5.7,1.3,0.34,0.34,3.7,3.7,1.3,23,23,6.3,6.3,0.2,0.2,2.6,2.6,-2.76,-2.76,36,43,6.9,0.451,0.451,15.4,15.4,6.9,2.8,0.855,0.855,3.2,3.2,2.8,79,79,31.5,31.5,31.5,31.5,1,0.5,0.5,0.31,0.31,100.32,100.32,2,1.9,1.9,11.7,11.7,Dennis Schroder,Dennis Schroder,17.9,17.9,PG,PG,-2.45,-2.45,45,45,2.71,0.9,0.9,ATL,ATL,3.3,3.3,3.1,3.1,51.5,20,42,1.07,1.07,42,0.493,0.493
6.6,0.48,0.48,13.8,13.8,6.6,0.3,0.411,0.411,0.8,0.8,0.3,31,31,1.9,1.9,1.2,1.2,4.9,4.9,1.05,1.05,37,45,6.9,0.477,0.477,14.6,14.6,6.9,3.1,0.812,0.812,3.8,3.8,3.1,72,72,32.4,32.4,32.4,32.4,1,2.4,2.4,-0.09,-0.09,94.47,94.47,958,2.2,2.2,12.2,12.2,LaMarcus Aldridge,LaMarcus Aldridge,17.3,17.3,PF,PF,0.96,0.96,47,47,20.58,0.6,0.6,SA,SA,1.4,1.4,7.3,7.3,195,63,52,5.79,5.79,52,0.488,0.488
4.1,0.491,0.491,8.4,8.4,4.1,1.9,0.356,0.356,5.3,5.3,1.9,24,24,3,3,0.1,0.1,2.4,2.4,-1.17,-1.17,38,46,6,0.439,0.439,13.7,13.7,6,3.3,0.805,0.805,4.1,4.1,3.3,68,68,32.9,32.9,32.9,32.9,1,0.6,0.6,0.07,0.07,99.6,99.6,253.5,2.6,2.6,8.5,8.5,Evan Fournier,Evan Fournier,17.2,17.2,SG,SG,-1.1,-1.1,48,48,17,1,1,ORL,ORL,2.1,2.1,3.1,3.1,21,10,23,2.89,2.89,23,0.508,0.508
4,0.523,0.523,7.6,7.6,4,1.9,0.403,0.403,4.8,4.8,1.9,30,30,4.2,4.2,0.2,0.2,2.9,2.9,1.11,1.11,39,48,5.9,0.477,0.477,12.4,12.4,5.9,3.2,0.801,0.801,4,4,3.2,49,49,31.5,31.5,31.5,31.5,1,0.5,0.5,2.64,2.64,92.9,92.9,12,2.3,2.3,12.8,12.8,George Hill,George Hill,16.9,16.9,PG,PG,3.75,3.75,50,50,8,1,1,UTAH,UTAH,1.7,1.7,3.4,3.4,33.5,3,33,6.28,6.28,33,0.554,0.554
6.2,0.628,0.628,9.8,9.8,6.2,0.6,0.324,0.324,1.9,1.9,0.6,21,21,4.9,4.9,0.8,0.8,6.9,6.9,2.29,2.29,40,49,6.8,0.578,0.578,11.7,11.7,6.8,2.6,0.825,0.825,3.1,3.1,2.6,73,73,27.9,27.9,27.9,27.9,1,2.9,2.9,4.44,4.44,100.76,100.76,8,2.9,2.9,16.7,16.7,Nikola Jokic,Nikola Jokic,16.7,16.7,C,C,6.73,6.73,51,51,1.36,0.8,0.8,DEN,DEN,2.3,2.3,9.8,9.8,0,1,37,13.18,13.18,37,0.605,0.605
2.2,0.468,0.468,4.7,4.7,2.2,3.3,0.372,0.372,8.8,8.8,3.3,28,28,2.5,2.5,0.5,0.5,2.3,2.3,-0.48,-0.48,41,51,5.5,0.406,0.406,13.5,13.5,5.5,2,0.84,0.84,2.3,2.3,2,75,75,31,31,31,31,1,0.4,0.4,1.51,1.51,103.07,103.07,346,2,2,8.2,8.2,Eric Gordon,Eric Gordon,16.2,16.2,SG,SG,1.03,1.03,53,53,12.39,0.6,0.6,HOU,HOU,1.6,1.6,2.7,2.7,55,26,50,6.36,6.36,50,0.527,0.527
4.9,0.537,0.537,9.1,9.1,4.9,1.3,0.347,0.347,3.8,3.8,1.3,24,24,1.7,1.7,0.5,0.5,4.3,4.3,-0.25,-0.25,42,52,6.2,0.481,0.481,13,13,6.2,2.3,0.841,0.841,2.8,2.8,2.3,82,82,31.3,31.3,31.3,31.3,1,0.8,0.8,1.19,1.19,97.41,97.41,327,1.6,1.6,11.3,11.3,Tobias Harris,Tobias Harris,16.1,16.1,PF,PF,0.94,0.94,54,54,17.2,0.7,0.7,DET,DET,1.2,1.2,5.1,5.1,2,4,37,6.55,6.55,37,0.532,0.532
4.3,0.491,0.491,8.7,8.7,4.3,1.9,0.361,0.361,5.3,5.3,1.9,24,24,2.6,2.6,0.3,0.3,3.8,3.8,1.56,1.56,43,53,6.1,0.442,0.442,13.9,13.9,6.1,1.7,0.753,0.753,2.3,2.3,1.7,67,67,33.2,33.2,33.2,33.2,1,0.6,0.6,0.1,0.1,101.1,101.1,715,2.3,2.3,9.5,9.5,Victor Oladipo,Victor Oladipo,15.9,15.9,SG,SG,1.66,1.66,55,55,6.55,1.2,1.2,OKC,OKC,1.8,1.8,4.3,4.3,78,28,39,6.88,6.88,39,0.51,0.51
4.3,0.438,0.438,9.7,9.7,4.3,1.8,0.395,0.395,4.7,4.7,1.8,25,25,4.3,4.3,0.4,0.4,2.9,2.9,-0.07,-0.07,44,54,6.1,0.424,0.424,14.4,14.4,6.1,1.8,0.646,0.646,2.8,2.8,1.8,46,46,30.1,30.1,30.1,30.1,1,0.4,0.4,0.12,0.12,98.03,98.03,512,2.1,2.1,10,10,Dion Waiters,Dion Waiters,15.8,15.8,SG,SG,0.05,0.05,56,56,2.9,0.9,0.9,MIA,MIA,2.2,2.2,3.3,3.3,0,7,27,2.8,2.8,27,0.488,0.488
4.5,0.527,0.527,8.6,8.6,4.5,1.5,0.337,0.337,4.6,4.6,1.5,29,29,2,2,0.4,0.4,5,5,-1.54,-1.54,45,55,6.1,0.461,0.461,13.2,13.2,6.1,2,0.727,0.727,2.7,2.7,2,71,71,30.9,30.9,30.9,30.9,1,1.5,1.5,0.3,0.3,100.43,100.43,166,2.4,2.4,9.8,9.8,Wilson Chandler,Wilson Chandler,15.7,15.7,SF,SF,-1.24,-1.24,57,57,11.23,0.7,0.7,DEN,DEN,1.6,1.6,6.5,6.5,31.5,18.5,35,2.69,2.69,35,0.52,0.52
3.4,0.447,0.447,7.7,7.7,3.4,2.1,0.352,0.352,6.1,6.1,2.1,20,20,4.8,4.8,0.3,0.3,3,3,-2.45,-2.45,46,56,5.6,0.405,0.405,13.8,13.8,5.6,2.3,0.782,0.782,3,3,2.3,63,63,28.7,28.7,28.7,28.7,1,0.5,0.5,0.75,0.75,100.87,100.87,1327,2.1,2.1,9.9,9.9,D'Angelo Russell,D'Angelo Russell,15.6,15.6,PG,PG,-1.7,-1.7,58,58,5.33,1.4,1.4,LAL,LAL,2.8,2.8,3.5,3.5,0,232,21,1.69,1.69,21,0.483,0.483
4.6,0.498,0.498,9.1,9.1,4.6,1.5,0.356,0.356,4.2,4.2,1.5,26,26,7.3,7.3,0.7,0.7,3.3,3.3,1.18,1.18,47,57,6,0.454,0.454,13.3,13.3,6,1.8,0.708,0.708,2.5,2.5,1.8,67,67,32.7,32.7,32.7,32.7,1,0.7,0.7,0.64,0.64,100.12,100.12,547.5,2,2,12.1,12.1,Jrue Holiday,Jrue Holiday,15.4,15.4,PG,PG,1.82,1.82,59,59,11.29,1.5,1.5,NO,NO,2.9,2.9,3.9,3.9,0,39,32,6.89,6.89,32,0.51,0.51
3.8,0.475,0.475,8,8,3.8,1.1,0.357,0.357,3.1,3.1,1.1,28,28,7.8,7.8,0.4,0.4,3.6,3.6,-0.22,-0.22,48,58,4.9,0.442,0.442,11.1,11.1,4.9,4.4,0.867,0.867,5.1,5.1,4.4,82,82,32.4,32.4,32.4,32.4,1,0.4,0.4,1.86,1.86,98.98,98.98,12,2,2,13.1,13.1,Jeff Teague,Jeff Teague,15.3,15.3,PG,PG,1.64,1.64,60,60,8.8,1.2,1.2,IND,IND,2.6,2.6,4,4,17.5,13.5,42,8.08,8.08,42,0.492,0.492
3.4,0.453,0.453,7.4,7.4,3.4,1.8,0.333,0.333,5.3,5.3,1.8,28,28,5.9,5.9,0.4,0.4,5.6,5.6,-0.35,-0.35,49,59,5.1,0.403,0.403,12.7,12.7,5.1,3.2,0.856,0.856,3.7,3.7,3.2,77,77,34,34,34,34,1,0.6,0.6,1.3,1.3,98.76,98.76,374.5,1.4,1.4,11.8,11.8,Nicolas Batum,Nicolas Batum,15.1,15.1,SG,SG,0.95,0.95,61,61,20.87,1.1,1.1,CHA,CHA,2.5,2.5,6.2,6.2,114.5,66,35,6.73,6.73,35,0.472,0.472
3.7,0.558,0.558,6.7,6.7,3.7,1.9,0.42,0.42,4.5,4.5,1.9,22,22,2.9,2.9,0.1,0.1,2.3,2.3,-2.37,-2.37,50,60,5.6,0.502,0.502,11.2,11.2,5.6,1.8,0.776,0.776,2.4,2.4,1.8,57,57,31.3,31.3,31.3,31.3,1,0.8,0.8,2.88,2.88,100.41,100.41,187.5,1.6,1.6,9.1,9.1,Gary Harris,Gary Harris,14.9,14.9,SG,SG,0.51,0.51,63,63,1.66,1.2,1.2,DEN,DEN,1.3,1.3,3.1,3.1,6,2.5,29,4.29,4.29,29,0.586,0.586
4.4,0.503,0.503,8.7,8.7,4.4,1.4,0.329,0.329,4.3,4.3,1.4,24,24,2.6,2.6,0.1,0.1,2.4,2.4,-3.39,-3.39,51,62,5.8,0.445,0.445,13.1,13.1,5.8,1.6,0.798,0.798,2,2,1.6,82,82,29.2,29.2,29.2,29.2,1,0.6,0.6,-0.63,-0.63,101.34,101.34,1386.5,1.8,1.8,8.4,8.4,Jordan Clarkson,Jordan Clarkson,14.7,14.7,SG,SG,-4.02,-4.02,65,65,12.5,1.1,1.1,LAL,LAL,2,2,3,3,55.5,179.5,26,-1.4,-1.4,26,0.5,0.5
3.6,0.459,0.459,7.9,7.9,3.6,1.6,0.433,0.433,3.6,3.6,1.6,25,25,3.4,3.4,0.2,0.2,3.9,3.9,1.26,1.26,52,63,5.2,0.45,0.45,11.5,11.5,5.2,2.8,0.88,0.88,3.2,3.2,2.8,29,29,30.7,30.7,30.7,30.7,1,0.4,0.4,0.14,0.14,94.63,94.63,255.5,2.7,2.7,10.4,10.4,Khris Middleton,Khris Middleton,14.7,14.7,SF,SF,1.4,1.4,66,66,15.2,1.4,1.4,MIL,MIL,2.2,2.2,4.2,4.2,16,9,19,2.44,2.44,19,0.518,0.518
6.1,0.481,0.481,12.7,12.7,6.1,0.3,0.307,0.307,1,1,0.3,26,26,2.8,2.8,1,1,8,8,2.15,2.15,53,64,6.4,0.468,0.468,13.7,13.7,6.4,1.4,0.669,0.669,2.1,2.1,1.4,75,75,28.8,28.8,28.8,28.8,1,2.3,2.3,-1.38,-1.38,100.74,100.74,10,2.4,2.4,14.2,14.2,Nikola Vucevic,Nikola Vucevic,14.6,14.6,C,C,0.77,0.77,67,67,11.75,1,1,ORL,ORL,1.6,1.6,10.4,10.4,5.5,35.5,27,5.44,5.44,27,0.48,0.48
3.3,0.48,0.48,6.8,6.8,3.3,1.6,0.372,0.372,4.3,4.3,1.6,28,28,5.1,5.1,0.4,0.4,3.4,3.4,-0.03,-0.03,54,66,4.9,0.438,0.438,11.1,11.1,4.9,3.2,0.816,0.816,3.9,3.9,3.2,36,36,24.5,24.5,24.5,24.5,1,0.3,0.3,0.48,0.48,106.86,106.86,3147,2.2,2.2,13.1,13.1,Jeremy Lin,Jeremy Lin,14.5,14.5,PG,PG,0.45,0.45,70,70,11.48,1.2,1.2,BKN,BKN,2.4,2.4,3.8,3.8,936.5,197.5,13,2.21,2.21,13,0.51,0.51
5,0.536,0.536,9.3,9.3,5,0.5,0.348,0.348,1.4,1.4,0.5,20,20,1.3,1.3,2.1,2.1,5.6,5.6,2.57,2.57,55,67,5.5,0.511,0.511,10.7,10.7,5.5,3,0.809,0.809,3.7,3.7,3,81,81,31.4,31.4,31.4,31.4,1,1.7,1.7,0.09,0.09,98.5,98.5,10,3.2,3.2,11.2,11.2,Myles Turner,Myles Turner,14.5,14.5,C,C,2.66,2.66,71,71,2.46,0.9,0.9,IND,IND,1.3,1.3,7.3,7.3,53,31,42,9.31,9.31,42,0.534,0.534
5.5,0.568,0.568,9.7,9.7,5.5,0.1,0.132,0.132,0.5,0.5,0.1,24,24,0.9,0.9,0.5,0.5,4,4,-1.24,-1.24,56,68,5.6,0.545,0.545,10.2,10.2,5.6,3.1,0.786,0.786,4,4,3.1,72,72,21.3,21.3,21.3,21.3,1,2.7,2.7,0.56,0.56,99.17,99.17,713,2.1,2.1,15.4,15.4,Enes Kanter,Enes Kanter,14.3,14.3,C,C,-0.68,-0.68,73,73,17.15,0.4,0.4,OKC,OKC,1.7,1.7,6.7,6.7,147,195,43,2.4,2.4,43,0.549,0.549
4,0.463,0.463,8.7,8.7,4,1.5,0.378,0.378,3.9,3.9,1.5,38,38,1.5,1.5,0.7,0.7,6.1,6.1,0.64,0.64,57,69,5.5,0.437,0.437,12.6,12.6,5.5,1.8,0.875,0.875,2.1,2.1,1.8,54,54,26.4,26.4,26.4,26.4,1,0.4,0.4,-0.38,-0.38,96.06,96.06,2960,2.1,2.1,12.4,12.4,Dirk Nowitzki,Dirk Nowitzki,14.2,14.2,PF,PF,0.26,0.26,74,74,25,0.6,0.6,DAL,DAL,0.9,0.9,6.5,6.5,1564,500.5,23,3.02,3.02,23,0.495,0.495
5.6,0.474,0.474,11.9,11.9,5.6,0.3,0.223,0.223,1.3,1.3,0.3,35,35,1.7,1.7,0.1,0.1,5.7,5.7,-1.05,-1.05,58,71,5.9,0.449,0.449,13.2,13.2,5.9,1.9,0.731,0.731,2.6,2.6,1.9,73,73,24.5,24.5,24.5,24.5,1,2.5,2.5,-0.37,-0.37,94.36,94.36,528.5,1.9,1.9,15.2,15.2,Zach Randolph,Zach Randolph,14.1,14.1,PF,PF,-1.42,-1.42,76,76,10.36,0.5,0.5,MEM,MEM,1.4,1.4,8.2,8.2,47,18.5,38,1.83,1.83,38,0.46,0.46
5.1,0.662,0.662,7.7,7.7,5.1,0,0,0,0,0,0,24,24,1.2,1.2,2.6,2.6,8.9,8.9,6.02,6.02,59,72,5.1,0.661,0.661,7.7,7.7,5.1,3.8,0.653,0.653,5.9,5.9,3.8,81,81,33.9,33.9,33.9,33.9,1,3.9,3.9,0.35,0.35,93.11,93.11,368.5,3,3,16.1,16.1,Rudy Gobert,Rudy Gobert,14,14,C,C,6.37,6.37,77,77,2.12,0.6,0.6,UTAH,UTAH,1.8,1.8,12.8,12.8,731,225.5,51,15.55,15.55,51,0.661,0.661
4.3,0.524,0.524,8.2,8.2,4.3,1.3,0.355,0.355,3.6,3.6,1.3,30,30,5,5,1.3,1.3,5.4,5.4,1.06,1.06,60,73,5.6,0.473,0.473,11.8,11.8,5.6,1.6,0.8,0.8,2,2,1.6,68,68,32.3,32.3,32.3,32.3,1,1.4,1.4,0.76,0.76,98.96,98.96,870,2,2,12.5,12.5,Al Horford,Al Horford,14,14,C,C,1.82,1.82,78,78,26.54,0.8,0.8,BOS,BOS,1.7,1.7,6.8,6.8,136,71,46,6.93,6.93,46,0.527,0.527
3.8,0.466,0.466,8.2,8.2,3.8,1.5,0.331,0.331,4.5,4.5,1.5,27,27,2,2,0.3,0.3,3.7,3.7,0.63,0.63,61,74,5.3,0.418,0.418,12.7,12.7,5.3,1.8,0.784,0.784,2.3,2.3,1.8,79,79,32.5,32.5,32.5,32.5,1,1,1,-0.11,-0.11,97.01,97.01,5.5,2.1,2.1,8,8,Marcus Morris,Marcus Morris,14,14,SF,SF,0.52,0.52,79,79,4.62,0.7,0.7,DET,DET,1.1,1.1,4.6,4.6,6,23,36,5.85,5.85,36,0.477,0.477
4.4,0.483,0.483,9.1,9.1,4.4,0.9,0.362,0.362,2.6,2.6,0.9,27,27,1.7,1.7,0.6,0.6,5.1,5.1,2.41,2.41,62,75,5.3,0.457,0.457,11.7,11.7,5.3,2.4,0.837,0.837,2.8,2.8,2.4,76,76,31.2,31.2,31.2,31.2,1,1.4,1.4,-0.55,-0.55,100.12,100.12,331.5,3.3,3.3,8.9,8.9,Markieff Morris,Markieff Morris,14,14,PF,PF,1.86,1.86,80,80,7.4,1.1,1.1,WSH,WSH,1.7,1.7,6.5,6.5,9,18,45,7.61,7.61,45,0.497,0.497
2.4,0.54,0.54,4.5,4.5,2.4,2.2,0.398,0.398,5.5,5.5,2.2,26,26,2.2,2.2,0.3,0.3,5.1,5.1,1.69,1.69,63,76,4.6,0.463,0.463,10,10,4.6,2.4,0.811,0.811,3,3,2.4,72,72,32.4,32.4,32.4,32.4,1,0.7,0.7,2.2,2.2,99.94,99.94,438.5,2.2,2.2,10.3,10.3,Jae Crowder,Jae Crowder,13.9,13.9,SF,SF,3.89,3.89,81,81,6.29,1,1,BOS,BOS,1.1,1.1,5.8,5.8,55,47,48,10.52,10.52,48,0.572,0.572
2.9,0.442,0.442,6.5,6.5,2.9,2,0.35,0.35,5.8,5.8,2,23,23,2.5,2.5,0.2,0.2,2.5,2.5,-1.31,-1.31,64,77,4.9,0.399,0.399,12.2,12.2,4.9,2,0.832,0.832,2.4,2.4,2,76,76,33.3,33.3,33.3,33.3,1,0.7,0.7,0.71,0.71,97.61,97.61,223.5,1.6,1.6,7.8,7.8,Kentavious Caldwell-Pope,Kentavious Caldwell-Pope,13.8,13.8,SG,SG,-0.6,-0.6,82,82,3.68,1.2,1.2,DET,DET,1.1,1.1,3.3,3.3,9,10,33,4.02,4.02,33,0.481,0.481
3.5,0.483,0.483,7.2,7.2,3.5,1.5,0.37,0.37,3.9,3.9,1.5,26,26,3.4,3.4,0.5,0.5,3.4,3.4,-1.2,-1.2,65,78,4.9,0.443,0.443,11.1,11.1,4.9,2.4,0.753,0.753,3.2,3.2,2.4,60,60,28.4,28.4,28.4,28.4,1,1,1,0.05,0.05,100.14,100.14,190,1.8,1.8,10.2,10.2,Will Barton,Will Barton,13.7,13.7,SG,SG,-1.15,-1.15,83,83,3.53,0.8,0.8,DEN,DEN,1.6,1.6,4.3,4.3,1,3,31,2.2,2.2,31,0.508,0.508
3.6,0.46,0.46,7.9,7.9,3.6,1.3,0.372,0.372,3.4,3.4,1.3,24,24,3.2,3.2,0.6,0.6,3.3,3.3,0.18,0.18,66,80,4.9,0.433,0.433,11.3,11.3,4.9,2.7,0.768,0.768,3.5,3.5,2.7,73,73,29.8,29.8,29.8,29.8,1,0.7,0.7,0.13,0.13,98.21,98.21,11,2.4,2.4,10.8,10.8,Tyler Johnson,Tyler Johnson,13.7,13.7,PG,PG,0.31,0.31,85,85,5.63,1.2,1.2,MIA,MIA,1.2,1.2,4,4,3,6,35,4.72,4.72,35,0.49,0.49
5.2,0.635,0.635,8.3,8.3,5.2,0,0,0,0,0,0,31,31,1.4,1.4,1.2,1.2,8.7,8.7,2.6,2.6,67,83,5.2,0.633,0.633,8.3,8.3,5.2,3.1,0.533,0.533,5.7,5.7,3.1,74,74,29.7,29.7,29.7,29.7,1,4,4,-1.7,-1.7,99.8,99.8,2558.5,2.7,2.7,15.1,15.1,Dwight Howard,Dwight Howard,13.5,13.5,C,C,0.9,0.9,88,88,23.18,0.9,0.9,ATL,ATL,2.3,2.3,12.7,12.7,7,1,37,5.65,5.65,37,0.633,0.633
3.9,0.495,0.495,7.9,7.9,3.9,1.1,0.417,0.417,2.6,2.6,1.1,29,29,4.6,4.6,0.1,0.1,1.9,1.9,-1.47,-1.47,68,85,5,0.476,0.476,10.5,10.5,5,2.2,0.86,0.86,2.5,2.5,2.2,68,68,30.3,30.3,30.3,30.3,1,0.3,0.3,1.06,1.06,96.23,96.23,295,1.8,1.8,10,10,Darren Collison,Darren Collison,13.2,13.2,PG,PG,-0.41,-0.41,91,91,5.23,1,1,SAC,SAC,1.7,1.7,2.2,2.2,4,7,26,3.44,3.44,26,0.527,0.527
4.9,0.507,0.507,9.6,9.6,4.9,0.2,0.27,0.27,0.9,0.9,0.2,22,22,3.6,3.6,0.5,0.5,6.6,6.6,-1.03,-1.03,69,86,5.1,0.488,0.488,10.4,10.4,5.1,2.8,0.723,0.723,3.8,3.8,2.8,74,74,28.8,28.8,28.8,28.8,1,2,2,-0.79,-0.79,100.9,100.9,519,3.4,3.4,11.3,11.3,Julius Randle,Julius Randle,13.2,13.2,PF,PF,-1.82,-1.82,92,92,3.27,0.7,0.7,LAL,LAL,2.3,2.3,8.6,8.6,102,59,24,1.83,1.83,24,0.499,0.499
1.7,0.481,0.481,3.5,3.5,1.7,2.8,0.404,0.404,7,7,2.8,31,31,1,1,0.2,0.2,1.9,1.9,-1.63,-1.63,70,87,4.5,0.43,0.43,10.6,10.6,4.5,1.3,0.856,0.856,1.5,1.5,1.3,60,60,25.9,25.9,25.9,25.9,1,0.4,0.4,2.28,2.28,100.59,100.59,27,2.3,2.3,7.5,7.5,Nick Young,Nick Young,13.2,13.2,SG,SG,0.65,0.65,93,93,5.44,0.6,0.6,LAL,LAL,0.6,0.6,2.3,2.3,45.5,14,19,3.82,3.82,19,0.564,0.564
4.8,0.509,0.509,9.3,9.3,4.8,0.5,0.274,0.274,1.8,1.8,0.5,22,22,6.5,6.5,0.5,0.5,3.6,3.6,-0.78,-0.78,71,93,5.2,0.471,0.471,11.1,11.1,5.2,1.8,0.692,0.692,2.6,2.6,1.8,82,82,29.4,29.4,29.4,29.4,1,1.1,1.1,1.12,1.12,100.23,100.23,4,2.2,2.2,11.7,11.7,Elfrid Payton,Elfrid Payton,12.8,12.8,PG,PG,0.34,0.34,99,99,2.61,1.1,1.1,ORL,ORL,2.2,2.2,4.7,4.7,19,8,29,5.38,5.38,29,0.493,0.493
4,0.528,0.528,7.5,7.5,4,1,0.288,0.288,3.3,3.3,1,21,21,1.9,1.9,0.5,0.5,3.6,3.6,-0.78,-0.78,72,95,4.9,0.454,0.454,10.8,10.8,4.9,2,0.719,0.719,2.7,2.7,2,80,80,28.7,28.7,28.7,28.7,1,1.5,1.5,1.25,1.25,99.7,99.7,666,2.2,2.2,8.8,8.8,Aaron Gordon,Aaron Gordon,12.7,12.7,SF,SF,0.47,0.47,101,101,4.35,0.8,0.8,ORL,ORL,1.1,1.1,5.1,5.1,42.5,16,29,5.32,5.32,29,0.499,0.499
3.9,0.494,0.494,7.8,7.8,3.9,0.9,0.538,0.538,1.6,1.6,0.9,36,36,2.3,2.3,1.1,1.1,6.2,6.2,1.49,1.49,73,99,4.7,0.502,0.502,9.4,9.4,4.7,2,0.707,0.707,2.9,2.9,2,64,64,25.4,25.4,25.4,25.4,1,1.7,1.7,0.86,0.86,95.48,95.48,1983.5,1.7,1.7,14.3,14.3,Pau Gasol,Pau Gasol,12.4,12.4,C,C,2.35,2.35,105,105,15.5,0.4,0.4,SA,SA,1.3,1.3,7.8,7.8,882.5,148.5,47,5.48,5.48,47,0.548,0.548
3,0.443,0.443,6.7,6.7,3,1.4,0.36,0.36,3.9,3.9,1.4,36,36,2.6,2.6,0.2,0.2,1.4,1.4,-3.18,-3.18,74,100,4.4,0.413,0.413,10.6,10.6,4.4,2.1,0.857,0.857,2.5,2.5,2.1,82,82,26.3,26.3,26.3,26.3,1,0.2,0.2,-0.06,-0.06,98.53,98.53,1010,1.4,1.4,7.9,7.9,Jamal Crawford,Jamal Crawford,12.3,12.3,SG,SG,-3.24,-3.24,106,106,13.25,0.7,0.7,LAC,LAC,1.6,1.6,1.6,1.6,49,32,51,-0.16,-0.16,51,0.479,0.479
2.9,0.491,0.491,5.8,5.8,2.9,1.5,0.371,0.371,4,4,1.5,24,24,2.8,2.8,0.1,0.1,1.9,1.9,-1.73,-1.73,75,101,4.4,0.442,0.442,9.9,9.9,4.4,1.8,0.691,0.691,2.6,2.6,1.8,74,74,27.8,27.8,27.8,27.8,1,0.3,0.3,-0.17,-0.17,98.18,98.18,525,2.5,2.5,6.9,6.9,Austin Rivers,Austin Rivers,12,12,SG,SG,-1.9,-1.9,107,107,11,0.6,0.6,LAC,LAC,1.6,1.6,2.2,2.2,75.5,23,43,1.62,1.62,43,0.518,0.518
4.9,0.557,0.557,8.8,8.8,4.9,0,0.5,0.5,0,0,0,24,24,0.7,0.7,0.8,0.8,6.7,6.7,0.75,0.75,76,102,4.9,0.557,0.557,8.8,8.8,4.9,2.2,0.811,0.811,2.7,2.7,2.2,80,80,25.8,25.8,25.8,25.8,1,2.8,2.8,-0.74,-0.74,96.61,96.61,6,2.7,2.7,13.6,13.6,Jonas Valanciunas,Jonas Valanciunas,12,12,C,C,0.01,0.01,108,108,14.38,0.5,0.5,TOR,TOR,1.3,1.3,9.5,9.5,65,40,50,4.06,4.06,50,0.558,0.558
1.7,0.556,0.556,3,3,1.7,2.4,0.344,0.344,6.9,6.9,2.4,31,31,2.2,2.2,0.3,0.3,5.1,5.1,1.07,1.07,77,104,4.1,0.409,0.409,10,10,4.1,1.2,0.738,0.738,1.6,1.6,1.2,80,80,34.7,34.7,34.7,34.7,1,0.7,0.7,0.86,0.86,102.78,102.78,417.5,1.7,1.7,8.5,8.5,Trevor Ariza,Trevor Ariza,11.7,11.7,SF,SF,1.93,1.93,110,110,7.81,1.8,1.8,HOU,HOU,0.9,0.9,5.7,5.7,10,15,53,9.29,9.29,53,0.528,0.528
2.7,0.455,0.455,6,6,2.7,1.5,0.328,0.328,4.7,4.7,1.5,23,23,2.2,2.2,0.5,0.5,3.7,3.7,-0.51,-0.51,78,105,4.3,0.399,0.399,10.7,10.7,4.3,1.6,0.756,0.756,2.1,2.1,1.6,75,75,26.1,26.1,26.1,26.1,1,0.8,0.8,0.96,0.96,98.15,98.15,517,1.9,1.9,8.5,8.5,Frank Kaminsky,Frank Kaminsky,11.7,11.7,C,C,0.45,0.45,111,111,2.73,0.6,0.6,CHA,CHA,1,1,4.5,4.5,112.5,29,31,4.4,4.4,31,0.471,0.471
4.8,0.536,0.536,8.9,8.9,4.8,0,0,0,0,0,0,26,26,2.3,2.3,0.5,0.5,4.5,4.5,0.47,0.47,79,106,4.8,0.533,0.533,9,9,4.8,2.2,0.741,0.741,3,3,2.2,81,81,22.5,22.5,22.5,22.5,1,2.1,2.1,1.08,1.08,96.98,96.98,271,2.1,2.1,13.9,13.9,Greg Monroe,Greg Monroe,11.7,11.7,C,C,1.55,1.55,112,112,17.15,1.1,1.1,MIL,MIL,1.7,1.7,6.6,6.6,9,7,42,5.34,5.34,42,0.533,0.533
4.7,0.572,0.572,8.2,8.2,4.7,0,0,0,0,0,0,23,23,1.1,1.1,1,1,4.2,4.2,1.68,1.68,80,107,4.7,0.571,0.571,8.2,8.2,4.7,2,0.611,0.611,3.2,3.2,2,80,80,29.9,29.9,29.9,29.9,1,3.5,3.5,-0.3,-0.3,101.16,101.16,1132,2.4,2.4,9.7,9.7,Steven Adams,Steven Adams,11.3,11.3,C,C,1.38,1.38,113,113,3.14,1.1,1.1,OKC,OKC,1.8,1.8,7.7,7.7,36,99,47,7.01,7.01,47,0.571,0.571
2.7,0.443,0.443,6.1,6.1,2.7,0.8,0.306,0.306,2.6,2.6,0.8,26,26,9.1,9.1,0.1,0.1,3.2,3.2,0.76,0.76,81,109,3.5,0.402,0.402,8.7,8.7,3.5,3.4,0.891,0.891,3.8,3.8,3.4,75,75,32.9,32.9,32.9,32.9,1,0.9,0.9,1.73,1.73,97.07,97.07,763,2.7,2.7,11.4,11.4,Ricky Rubio,Ricky Rubio,11.1,11.1,PG,PG,2.49,2.49,115,115,13.55,1.7,1.7,MIN,MIN,2.6,2.6,4.1,4.1,262.5,76,28,8.72,8.72,28,0.448,0.448
3,0.333,0.333,9,9,3,0.7,0.4,0.4,1.7,1.7,0.7,28,28,4.3,4.3,0,0,3,3,-0.47,-0.47,82,110,3.7,0.344,0.344,10.7,10.7,3.7,3,0.9,0.9,3.3,3.3,3,3,3,23.7,23.7,23.7,23.7,1,1,1,-2.23,-2.23,97.84,97.84,188,1.3,1.3,9.7,9.7,Jerryd Bayless,Jerryd Bayless,11,11,PG,PG,-2.7,-2.7,116,116,9.42,0,0,PHI,PHI,3,3,4,4,2,5,1,0.02,0.02,1,0.375,0.375
2.8,0.408,0.408,6.8,6.8,2.8,1,0.315,0.315,3.2,3.2,1,20,20,3.9,3.9,0.2,0.2,2.7,2.7,-2.38,-2.38,83,113,3.8,0.377,0.377,10,10,3.8,2.4,0.784,0.784,3,3,2.4,55,55,25.6,25.6,25.6,25.6,1,0.5,0.5,-1.52,-1.52,101.93,101.93,545,1.7,1.7,7.4,7.4,Emmanuel Mudiay,Emmanuel Mudiay,11,11,PG,PG,-3.9,-3.9,119,119,3.24,0.7,0.7,DEN,DEN,2.2,2.2,3.2,3.2,69,21,25,-0.71,-0.71,25,0.428,0.428
2.4,0.518,0.518,4.6,4.6,2.4,1.8,0.363,0.363,5,5,1.8,25,25,1.1,1.1,0.4,0.4,2.4,2.4,-1.23,-1.23,84,114,4.2,0.437,0.437,9.6,9.6,4.2,0.8,0.831,0.831,1,1,0.8,78,78,25.1,25.1,25.1,25.1,1,0.2,0.2,1.36,1.36,99.82,99.82,446.5,1.8,1.8,7.8,7.8,Terrence Ross,Terrence Ross,11,11,SF,SF,0.13,0.13,120,120,10,1.1,1.1,ORL/TOR,ORL/TOR,0.9,0.9,2.6,2.6,0,0,39,4.06,4.06,39,0.532,0.532
4.3,0.557,0.557,7.7,7.7,4.3,0.6,0.381,0.381,1.6,1.6,0.6,28,28,1.6,1.6,0.4,0.4,4.3,4.3,1.94,1.94,85,116,4.9,0.527,0.527,9.3,9.3,4.9,0.6,0.523,0.523,1.2,1.2,0.6,74,74,30.2,30.2,30.2,30.2,1,1.8,1.8,-1.09,-1.09,98.97,98.97,269,1.8,1.8,9.7,9.7,Thaddeus Young,Thaddeus Young,11,11,PF,PF,0.85,0.85,122,122,14.15,1.5,1.5,IND,IND,1.3,1.3,6.1,6.1,0,1.5,40,5.66,5.66,40,0.56,0.56
2.5,0.456,0.456,5.6,5.6,2.5,1.5,0.358,0.358,4.2,4.2,1.5,32,32,5.5,5.5,0,0,2.1,2.1,-1.57,-1.57,86,117,4.1,0.414,0.414,9.8,9.8,4.1,1.3,0.863,0.863,1.5,1.5,1.3,35,35,22,22,22,22,1,0.3,0.3,0.15,0.15,95.14,95.14,5,0.9,0.9,13.4,13.4,J.J. Barea,J.J. Barea,10.9,10.9,PG,PG,-1.42,-1.42,123,123,4.1,0.4,0.4,DAL,DAL,1.8,1.8,2.4,2.4,0,17.5,11,0.8,0.8,11,0.491,0.491
4.1,0.384,0.384,10.6,10.6,4.1,0.4,0.2,0.2,1.9,1.9,0.4,20,20,3.7,3.7,0.3,0.3,3.9,3.9,0.16,0.16,87,118,4.4,0.356,0.356,12.5,12.5,4.4,1.6,0.617,0.617,2.6,2.6,1.6,18,18,34.7,34.7,34.7,34.7,1,1.3,1.3,-4.08,-4.08,97.53,97.53,573,2.9,2.9,5.9,5.9,Justise Winslow,Justise Winslow,10.9,10.9,SF,SF,-3.92,-3.92,124,124,2.59,1.4,1.4,MIA,MIA,1.8,1.8,5.2,5.2,88.5,33.5,4,-0.31,-0.31,4,0.371,0.371
4.6,0.52,0.52,8.9,8.9,4.6,0,0.231,0.231,0.2,0.2,0,31,31,0.9,0.9,0.8,0.8,4.2,4.2,2.02,2.02,88,119,4.7,0.515,0.515,9.1,9.1,4.7,1.4,0.715,0.715,2,2,1.4,78,78,25.5,25.5,25.5,25.5,1,2,2,-1.76,-1.76,98.39,98.39,231,2.1,2.1,9.7,9.7,Taj Gibson,Taj Gibson,10.8,10.8,PF,PF,0.26,0.26,125,125,8.95,0.5,0.5,CHI/OKC,CHI/OKC,1.3,1.3,6.2,6.2,52,17,41,4.29,4.29,41,0.517,0.517
4.8,0.58,0.58,8.2,8.2,4.8,0,0,0,0,0,0,32,32,1.5,1.5,0.7,0.7,7.5,7.5,1.18,1.18,89,120,4.8,0.579,0.579,8.2,8.2,4.8,1.3,0.648,0.648,1.9,1.9,1.3,82,82,31.2,31.2,31.2,31.2,1,2.9,2.9,-1.25,-1.25,99.85,99.85,315,2.6,2.6,10.9,10.9,Marcin Gortat,Marcin Gortat,10.8,10.8,C,C,-0.07,-0.07,126,126,12,0.5,0.5,WSH,WSH,1.5,1.5,10.4,10.4,1,1,49,5.01,5.01,49,0.579,0.579
2.8,0.49,0.49,5.6,5.6,2.8,1.4,0.401,0.401,3.5,3.5,1.4,31,31,2.3,2.3,0.3,0.3,2.7,2.7,-1.51,-1.51,90,122,4.2,0.456,0.456,9.1,9.1,4.2,1.1,0.867,0.867,1.3,1.3,1.1,77,77,31.9,31.9,31.9,31.9,1,0.7,0.7,0.58,0.58,97.86,97.86,337.5,1.8,1.8,7.7,7.7,Courtney Lee,Courtney Lee,10.8,10.8,SG,SG,-0.93,-0.93,128,128,11.24,1.1,1.1,NY,NY,0.9,0.9,3.4,3.4,2,1,29,3.4,3.4,29,0.533,0.533
2.1,0.49,0.49,4.4,4.4,2.1,1.7,0.444,0.444,3.8,3.8,1.7,24,24,1.2,1.2,0.3,0.3,2.6,2.6,-2.87,-2.87,91,123,3.8,0.468,0.468,8.2,8.2,3.8,1.3,0.847,0.847,1.6,1.6,1.3,79,79,28.5,28.5,28.5,28.5,1,0.2,0.2,0.22,0.22,99.95,99.95,193.5,2.2,2.2,7.4,7.4,Allen Crabbe,Allen Crabbe,10.7,10.7,SG,SG,-2.65,-2.65,129,129,18.5,0.7,0.7,POR,POR,0.8,0.8,2.9,2.9,11.5,9,39,0.68,0.68,39,0.572,0.572
2.2,0.461,0.461,4.7,4.7,2.2,1.8,0.391,0.391,4.6,4.6,1.8,23,23,1.5,1.5,0.1,0.1,2.9,2.9,-2.28,-2.28,92,125,4,0.426,0.426,9.4,9.4,4,0.8,0.842,0.842,0.9,0.9,0.8,82,82,23,23,23,23,1,0.4,0.4,-0.92,-0.92,98.9,98.9,811.5,1.4,1.4,8.4,8.4,Buddy Hield,Buddy Hield,10.6,10.6,SG,SG,-3.2,-3.2,132,132,3.52,0.5,0.5,NO/SAC,NO/SAC,1.2,1.2,3.3,3.3,512,333,31,-0.09,-0.09,31,0.523,0.523
1.8,0.52,0.52,3.5,3.5,1.8,1.8,0.342,0.342,5.4,5.4,1.8,25,25,1.1,1.1,0.8,0.8,4.6,4.6,1.31,1.31,93,126,3.7,0.413,0.413,8.9,8.9,3.7,1.4,0.773,0.773,1.8,1.8,1.4,70,70,24,24,24,24,1,0.9,0.9,0.92,0.92,97.95,97.95,5,1.8,1.8,10.4,10.4,Nikola Mirotic,Nikola Mirotic,10.6,10.6,PF,PF,2.23,2.23,133,133,5.78,0.8,0.8,CHI,CHI,1.1,1.1,5.5,5.5,119,50.5,37,5.69,5.69,37,0.516,0.516
2.2,0.42,0.42,5.3,5.3,2.2,1.2,0.283,0.283,4.2,4.2,1.2,22,22,4.6,4.6,0.4,0.4,2.9,2.9,0.49,0.49,94,127,3.4,0.359,0.359,9.5,9.5,3.4,2.6,0.812,0.812,3.2,3.2,2.6,79,79,30.4,30.4,30.4,30.4,1,1,1,0.26,0.26,100.29,100.29,399.5,2.4,2.4,8.1,8.1,Marcus Smart,Marcus Smart,10.6,10.6,SG,SG,0.75,0.75,134,134,3.58,1.6,1.6,BOS,BOS,2,2,3.9,3.9,1,9,51,5.98,5.98,51,0.422,0.422
2.2,0.488,0.488,4.5,4.5,2.2,1.4,0.36,0.36,3.8,3.8,1.4,30,30,2,2,0.1,0.1,2.2,2.2,-1.87,-1.87,95,128,3.6,0.429,0.429,8.3,8.3,3.6,2,0.893,0.893,2.3,2.3,2,74,74,24,24,24,24,1,0.2,0.2,0.67,0.67,97.98,97.98,282.5,1.2,1.2,8.8,8.8,Marco Belinelli,Marco Belinelli,10.5,10.5,SG,SG,-1.2,-1.2,135,135,6.33,0.6,0.6,CHA,CHA,0.9,0.9,2.4,2.4,0,15,34,2.15,2.15,34,0.512,0.512
1.3,0.509,0.509,2.6,2.6,1.3,2.4,0.378,0.378,6.4,6.4,2.4,29,29,1.1,1.1,0.1,0.1,1.8,1.8,-1.6,-1.6,96,129,3.7,0.416,0.416,9,9,3.7,0.6,0.86,0.86,0.7,0.7,0.6,62,62,24.2,24.2,24.2,24.2,1,0.3,0.3,2.26,2.26,97.3,97.3,204,1.1,1.1,8.2,8.2,Wayne Ellington,Wayne Ellington,10.5,10.5,SG,SG,0.66,0.66,136,136,6,0.6,0.6,MIA,MIA,0.5,0.5,2.1,2.1,18,12,35,3.58,3.58,35,0.55,0.55
2.7,0.429,0.429,6.3,6.3,2.7,1.1,0.356,0.356,3,3,1.1,27,27,3.1,3.1,0.2,0.2,3.1,3.1,0.02,0.02,97,132,3.8,0.405,0.405,9.3,9.3,3.8,1.7,0.75,0.75,2.3,2.3,1.7,40,40,19.7,19.7,19.7,19.7,1,0.3,0.3,-1.52,-1.52,98.53,98.53,701,1.5,1.5,11.8,11.8,Tyreke Evans,Tyreke Evans,10.3,10.3,SF,SF,-1.5,-1.5,139,139,10.2,0.9,0.9,NO/SAC,NO/SAC,1.5,1.5,3.4,3.4,6,9,17,0.81,0.81,17,0.462,0.462
4.1,0.572,0.572,7.1,7.1,4.1,0,0,0,0,0,0,24,24,1.6,1.6,0.9,0.9,4.4,4.4,3.42,3.42,98,133,4.1,0.571,0.571,7.1,7.1,4.1,2.1,0.679,0.679,3.2,3.2,2.1,62,62,27.8,27.8,27.8,27.8,1,2.2,2.2,-0.07,-0.07,97.57,97.57,376.5,3,3,9.6,9.6,Cody Zeller,Cody Zeller,10.3,10.3,PF,PF,3.35,3.35,140,140,5.32,1,1,CHA,CHA,1,1,6.5,6.5,90,29,33,6.97,6.97,33,0.571,0.571
2.5,0.494,0.494,5.1,5.1,2.5,1.1,0.308,0.308,3.5,3.5,1.1,26,26,7,7,1.4,1.4,6.6,6.6,5.59,5.59,99,135,3.6,0.418,0.418,8.6,8.6,3.6,2,0.709,0.709,2.8,2.8,2,76,76,32.5,32.5,32.5,32.5,1,1.3,1.3,1.55,1.55,103.34,103.34,2946,2.9,2.9,11.7,11.7,Draymond Green,Draymond Green,10.2,10.2,PF,PF,7.14,7.14,142,142,15.33,2,2,GS,GS,2.4,2.4,7.9,7.9,627,168.5,62,16.84,16.84,62,0.481,0.481
4.2,0.508,0.508,8.2,8.2,4.2,0,0,0,0,0,0,22,22,1.9,1.9,1.1,1.1,4.8,4.8,2.73,2.73,100,137,4.2,0.507,0.507,8.2,8.2,4.2,1.8,0.571,0.571,3.2,3.2,1.8,65,65,21.4,21.4,21.4,21.4,1,2.4,2.4,-2.11,-2.11,100.65,100.65,3,2.5,2.5,11.7,11.7,Jusuf Nurkic,Jusuf Nurkic,10.2,10.2,C,C,0.62,0.62,144,144,1.92,0.8,0.8,DEN/POR,DEN/POR,2.2,2.2,7.2,7.2,45,43.5,34,3.32,3.32,34,0.507,0.507
2.4,0.444,0.444,5.4,5.4,2.4,1.4,0.33,0.33,4.3,4.3,1.4,23,23,2.6,2.6,0.7,0.7,2.5,2.5,0.06,0.06,101,138,3.8,0.394,0.394,9.7,9.7,3.8,1.1,0.779,0.779,1.5,1.5,1.1,53,53,30.5,30.5,30.5,30.5,1,0.7,0.7,-1.63,-1.63,97.52,97.52,192,2.5,2.5,6.9,6.9,Josh Richardson,Josh Richardson,10.2,10.2,SG,SG,-1.57,-1.57,145,145,1.47,1.1,1.1,MIA,MIA,1.2,1.2,3.2,3.2,42,10,23,1.57,1.57,23,0.467,0.467
1.1,0.494,0.494,2.3,2.3,1.1,2.4,0.451,0.451,5.4,5.4,2.4,35,35,1.6,1.6,0.3,0.3,2.7,2.7,-2.61,-2.61,102,139,3.6,0.464,0.464,7.7,7.7,3.6,0.6,0.905,0.905,0.6,0.6,0.6,67,67,26.2,26.2,26.2,26.2,1,0.1,0.1,-0.15,-0.15,100,100,842.5,1.6,1.6,8.1,8.1,Kyle Korver,Kyle Korver,10.1,10.1,SG,SG,-2.76,-2.76,146,146,5.24,0.5,0.5,ATL/CLE,ATL/CLE,1,1,2.8,2.8,107.5,30.5,33,0.41,0.41,33,0.621,0.621
3.9,0.546,0.546,7.2,7.2,3.9,0.4,0.321,0.321,1.1,1.1,0.4,29,29,1.9,1.9,0.4,0.4,6,6,2,2,103,141,4.3,0.516,0.516,8.3,8.3,4.3,1,0.673,0.673,1.5,1.5,1,71,71,24.7,24.7,24.7,24.7,1,2,2,-2.29,-2.29,103.12,103.12,160.5,2.1,2.1,12.7,12.7,Trevor Booker,Trevor Booker,10,10,PF,PF,-0.29,-0.29,148,148,9.25,1.1,1.1,BKN,BKN,1.8,1.8,8,8,16.5,8,18,3.3,3.3,18,0.537,0.537
3.2,0.572,0.572,5.6,5.6,3.2,0.9,0.351,0.351,2.5,2.5,0.9,23,23,1.1,1.1,0.9,0.9,2.8,2.8,0.49,0.49,104,144,4.1,0.503,0.503,8.1,8.1,4.1,1,0.621,0.621,1.6,1.6,1,77,77,28.9,28.9,28.9,28.9,1,1.6,1.6,0.38,0.38,99.45,99.45,204.5,2.8,2.8,6.9,6.9,Maurice Harkless,Maurice Harkless,10,10,SF,SF,0.87,0.87,151,151,8.99,1.1,1.1,POR,POR,1.1,1.1,4.4,4.4,0,14.5,38,5.67,5.67,38,0.558,0.558
2.2,0.466,0.466,4.7,4.7,2.2,1.4,0.334,0.334,4.2,4.2,1.4,19,19,2.1,2.1,0.3,0.3,2.1,2.1,-1.57,-1.57,105,147,3.6,0.404,0.404,8.9,8.9,3.6,1.3,0.883,0.883,1.5,1.5,1.3,82,82,21.5,21.5,21.5,21.5,1,0.5,0.5,0.06,0.06,101.15,101.15,411,1.5,1.5,7.8,7.8,Jamal Murray,Jamal Murray,9.9,9.9,SG,SG,-1.51,-1.51,154,154,3.21,0.6,0.6,DEN,DEN,1.4,1.4,2.6,2.6,0,62.5,40,1.86,1.86,40,0.483,0.483
3.7,0.556,0.556,6.7,6.7,3.7,0,0,0,0.1,0.1,0,27,27,0.9,0.9,0.7,0.7,4.6,4.6,-1.55,-1.55,106,150,3.7,0.548,0.548,6.8,6.8,3.7,2.1,0.693,0.693,3.1,3.1,2.1,61,61,21.2,21.2,21.2,21.2,1,3,3,-0.07,-0.07,100.81,100.81,376.5,2,2,12.4,12.4,Kenneth Faried,Kenneth Faried,9.6,9.6,PF,PF,-1.62,-1.62,157,157,12.08,0.7,0.7,DEN,DEN,1,1,7.6,7.6,14,8,29,1.27,1.27,29,0.548,0.548
2.8,0.501,0.501,5.6,5.6,2.8,1.1,0.37,0.37,2.8,2.8,1.1,27,27,2.2,2.2,0.4,0.4,1.6,1.6,-1.58,-1.58,107,151,3.9,0.457,0.457,8.5,8.5,3.9,0.8,0.77,0.77,1,1,0.8,73,73,24.9,24.9,24.9,24.9,1,0.5,0.5,-0.24,-0.24,100.16,100.16,151,1.8,1.8,7.3,7.3,E'Twaun Moore,E'Twaun Moore,9.6,9.6,SG,SG,-1.82,-1.82,158,158,8.08,0.7,0.7,NO,NO,0.8,0.8,2.1,2.1,0,10,32,1.5,1.5,32,0.519,0.519
4,0.491,0.491,8.1,8.1,4,0.1,0.3,0.3,0.2,0.2,0.1,25,25,1.1,1.1,0.8,0.8,4.3,4.3,2.06,2.06,108,153,4.1,0.487,0.487,8.3,8.3,4.1,1.3,0.615,0.615,2.2,2.2,1.3,50,50,23.7,23.7,23.7,23.7,1,1.8,1.8,-2.76,-2.76,92.72,92.72,295,2.1,2.1,10.8,10.8,Derrick Favors,Derrick Favors,9.5,9.5,PF,PF,-0.7,-0.7,160,160,11.05,0.9,0.9,UTAH,UTAH,1.2,1.2,6.1,6.1,25,6.5,33,1.73,1.73,33,0.49,0.49
1.6,0.474,0.474,3.3,3.3,1.6,1.8,0.414,0.414,4.4,4.4,1.8,28,28,3.5,3.5,0,0,1.5,1.5,-1.26,-1.26,109,154,3.4,0.44,0.44,7.8,7.8,3.4,0.8,0.825,0.825,1,1,0.8,80,80,21.9,21.9,21.9,21.9,1,0.3,0.3,2.53,2.53,98.97,98.97,522,1.4,1.4,10,10,Patty Mills,Patty Mills,9.5,9.5,PG,PG,1.27,1.27,161,161,3.58,0.8,0.8,SA,SA,1.3,1.3,1.8,1.8,112,19,60,4.86,4.86,60,0.558,0.558
1.5,0.433,0.433,3.4,3.4,1.5,1.7,0.368,0.368,4.5,4.5,1.7,23,23,2.4,2.4,0.4,0.4,2.6,2.6,-2.25,-2.25,110,155,3.1,0.396,0.396,7.9,7.9,3.1,1.5,0.813,0.813,1.9,1.9,1.5,80,80,27.4,27.4,27.4,27.4,1,0.3,0.3,-0.32,-0.32,100.28,100.28,451,1.8,1.8,6.7,6.7,Nik Stauskas,Nik Stauskas,9.5,9.5,SG,SG,-2.57,-2.57,162,162,2.99,0.6,0.6,PHI,PHI,1.6,1.6,2.8,2.8,28,11,27,0.78,0.78,27,0.5,0.5
3.5,0.545,0.545,6.5,6.5,3.5,0.3,0.419,0.419,0.8,0.8,0.3,28,28,0.9,0.9,0.5,0.5,2.7,2.7,-0.61,-0.61,111,156,3.9,0.532,0.532,7.3,7.3,3.9,1.4,0.743,0.743,1.9,1.9,1.4,56,56,16.7,16.7,16.7,16.7,1,0.7,0.7,-1.7,-1.7,97.91,97.91,939,1.6,1.6,11.6,11.6,Michael Beasley,Michael Beasley,9.4,9.4,PF,PF,-2.31,-2.31,163,163,1.4,0.5,0.5,MIL,MIL,1.2,1.2,3.4,3.4,8,5,23,0.48,0.48,23,0.554,0.554
2.8,0.443,0.443,6.3,6.3,2.8,0.7,0.294,0.294,2.4,2.4,0.7,19,19,2.1,2.1,0.5,0.5,3.2,3.2,-2.93,-2.93,112,157,3.5,0.402,0.402,8.7,8.7,3.5,1.7,0.621,0.621,2.7,2.7,1.7,79,79,28.8,28.8,28.8,28.8,1,0.8,0.8,-1.76,-1.76,100.45,100.45,1203,2,2,5.5,5.5,Brandon Ingram,Brandon Ingram,9.4,9.4,SF,SF,-4.69,-4.69,164,164,5.28,0.6,0.6,LAL,LAL,1.5,1.5,4,4,194,100,26,-2.32,-2.32,26,0.442,0.442
3.1,0.477,0.477,6.6,6.6,3.1,0.6,0.356,0.356,1.7,1.7,0.6,25,25,3.3,3.3,0.2,0.2,2.3,2.3,-1.94,-1.94,113,159,3.7,0.452,0.452,8.3,8.3,3.7,1.2,0.77,0.77,1.5,1.5,1.2,80,80,25,25,25,25,1,0.6,0.6,-0.5,-0.5,97.43,97.43,516.5,1.8,1.8,8.9,8.9,Cory Joseph,Cory Joseph,9.3,9.3,PG,PG,-2.44,-2.44,166,166,7.32,0.8,0.8,TOR,TOR,1.4,1.4,2.9,2.9,48.5,15,49,0.86,0.86,49,0.489,0.489
2.6,0.52,0.52,5,5,2.6,0.9,0.321,0.321,2.7,2.7,0.9,19,19,0.7,0.7,0.9,0.9,3.1,3.1,-1.82,-1.82,114,160,3.5,0.449,0.449,7.7,7.7,3.5,1.4,0.624,0.624,2.2,2.2,1.4,82,82,21.3,21.3,21.3,21.3,1,1.2,1.2,-1.96,-1.96,103.56,103.56,252,3.2,3.2,6.3,6.3,Marquese Chriss,Marquese Chriss,9.2,9.2,PF,PF,-3.78,-3.78,167,167,2.94,0.8,0.8,PHX,PHX,1.3,1.3,4.2,4.2,0,22,24,-0.76,-0.76,24,0.506,0.506
2.4,0.458,0.458,5.3,5.3,2.4,0.8,0.275,0.275,2.8,2.8,0.8,30,30,1.2,1.2,0.2,0.2,2.5,2.5,-1.31,-1.31,115,161,3.2,0.394,0.394,8.1,8.1,3.2,2.1,0.863,0.863,2.4,2.4,2.1,69,69,22.2,22.2,22.2,22.2,1,0.6,0.6,-2.03,-2.03,98.84,98.84,14,1.5,1.5,7.7,7.7,Jeff Green,Jeff Green,9.2,9.2,PF,PF,-3.34,-3.34,168,168,15,0.5,0.5,ORL,ORL,1.1,1.1,3.1,3.1,57.5,28.5,26,-0.21,-0.21,26,0.442,0.442
2.4,0.455,0.455,5.3,5.3,2.4,0.8,0.353,0.353,2.4,2.4,0.8,29,29,1.6,1.6,0.2,0.2,2.1,2.1,-2.42,-2.42,116,162,3.3,0.423,0.423,7.7,7.7,3.3,1.8,0.806,0.806,2.3,2.3,1.8,72,72,23.2,23.2,23.2,23.2,1,0.5,0.5,-1.51,-1.51,100.88,100.88,105,1.8,1.8,7.3,7.3,Gerald Henderson,Gerald Henderson,9.2,9.2,SG,SG,-3.93,-3.93,169,169,9,0.6,0.6,PHI,PHI,0.9,0.9,2.6,2.6,1,8,24,-0.87,-0.87,24,0.478,0.478
3.6,0.483,0.483,7.5,7.5,3.6,0,0.111,0.111,0.1,0.1,0,23,23,1.4,1.4,1,1,5,5,2.47,2.47,117,164,3.6,0.477,0.477,7.6,7.6,3.6,1.9,0.784,0.784,2.4,2.4,1.9,81,81,29,29,29,29,1,1.9,1.9,-1.97,-1.97,97.79,97.79,575.5,2.3,2.3,9.3,9.3,Michael Kidd-Gilchrist,Michael Kidd-Gilchrist,9.2,9.2,SF,SF,0.5,0.5,171,171,13,1,1,CHA,CHA,0.7,0.7,7,7,29,11,36,5.31,5.31,36,0.478,0.478
2.2,0.489,0.489,4.4,4.4,2.2,1.4,0.388,0.388,3.6,3.6,1.4,34,34,5.1,5.1,0.1,0.1,2.2,2.2,-0.44,-0.44,118,165,3.6,0.444,0.444,8.1,8.1,3.6,0.6,0.714,0.714,0.8,0.8,0.6,75,75,27.3,27.3,27.3,27.3,1,0.4,0.4,0.45,0.45,100.06,100.06,369,2.6,2.6,7.5,7.5,Jameer Nelson,Jameer Nelson,9.2,9.2,PG,PG,0.01,0.01,172,172,4.54,0.7,0.7,DEN,DEN,1.7,1.7,2.6,2.6,0,9,34,4.17,4.17,34,0.531,0.531
3.6,0.479,0.479,7.6,7.6,3.6,0.2,0.278,0.278,0.8,0.8,0.2,35,35,1.4,1.4,0.4,0.4,3.2,3.2,2.15,2.15,119,166,3.9,0.461,0.461,8.4,8.4,3.9,1.1,0.615,0.615,1.8,1.8,1.1,71,71,27,27,27,27,1,2.3,2.3,-2.03,-2.03,93.85,93.85,17,2.5,2.5,8,8,Tony Allen,Tony Allen,9.1,9.1,SG,SG,0.12,0.12,173,173,5.51,1.6,1.6,MEM,MEM,1.4,1.4,5.5,5.5,10.5,11,36,3.76,3.76,36,0.473,0.473
1.4,0.546,0.546,2.5,2.5,1.4,1.9,0.409,0.409,4.5,4.5,1.9,33,33,0.6,0.6,0.5,0.5,3.4,3.4,-0.58,-0.58,120,167,3.2,0.458,0.458,7,7,3.2,0.9,0.851,0.851,1,1,0.9,74,74,18.9,18.9,18.9,18.9,1,0.5,0.5,1.62,1.62,98.14,98.14,445,1.9,1.9,10.1,10.1,Channing Frye,Channing Frye,9.1,9.1,C,C,1.04,1.04,174,174,7.81,0.4,0.4,CLE,CLE,0.7,0.7,3.9,3.9,8,4,44,3.7,3.7,44,0.589,0.589
1.3,0.395,0.395,3.3,3.3,1.3,1.6,0.409,0.409,3.8,3.8,1.6,29,29,1.3,1.3,0.1,0.1,2,2,-1.6,-1.6,121,169,2.9,0.402,0.402,7.1,7.1,2.9,1.8,0.878,0.878,2.1,2.1,1.8,36,36,20.5,20.5,20.5,20.5,1,0.1,0.1,-0.05,-0.05,100.24,100.24,173,1.1,1.1,8.1,8.1,Jodie Meeks,Jodie Meeks,9.1,9.1,SG,SG,-1.65,-1.65,177,177,6.54,0.9,0.9,ORL,ORL,1,1,2.1,2.1,36.5,15,14,0.7,0.7,14,0.512,0.512
2.6,0.608,0.608,4.2,4.2,2.6,0.9,0.354,0.354,2.6,2.6,0.9,25,25,2,2,0.4,0.4,3.8,3.8,0.81,0.81,122,172,3.5,0.512,0.512,6.8,6.8,3.5,1.2,0.732,0.732,1.6,1.6,1.2,75,75,20.5,20.5,20.5,20.5,1,1,1,-0.31,-0.31,99.85,99.85,457,2.8,2.8,11,11,Kelly Olynyk,Kelly Olynyk,9,9,C,C,0.5,0.5,180,180,3.09,0.6,0.6,BOS,BOS,1.3,1.3,4.8,4.8,56.5,16,49,3.54,3.54,49,0.579,0.579
3.1,0.47,0.47,6.7,6.7,3.1,0.5,0.263,0.263,1.8,1.8,0.5,28,28,3.2,3.2,0.4,0.4,3.2,3.2,0.15,0.15,123,173,3.6,0.426,0.426,8.5,8.5,3.6,1.3,0.825,0.825,1.6,1.6,1.3,65,65,25.5,25.5,25.5,25.5,1,0.6,0.6,-3.04,-3.04,99.29,99.29,564,1.9,1.9,8.8,8.8,Evan Turner,Evan Turner,9,9,SF,SF,-2.89,-2.89,181,181,16.39,0.8,0.8,POR,POR,1.5,1.5,3.8,3.8,17,13,34,0.25,0.25,34,0.454,0.454
1.5,0.483,0.483,3.2,3.2,1.5,1.5,0.341,0.341,4.4,4.4,1.5,30,30,1,1,0.4,0.4,2.9,2.9,0.83,0.83,124,174,3.1,0.4,0.4,7.6,7.6,3.1,1.2,0.761,0.761,1.6,1.6,1.2,72,72,26.1,26.1,26.1,26.1,1,0.9,0.9,0,0,96.82,96.82,363.5,2,2,7.1,7.1,DeMarre Carroll,DeMarre Carroll,8.9,8.9,SF,SF,0.83,0.83,182,182,14.2,1.1,1.1,TOR,TOR,0.8,0.8,3.8,3.8,29.5,8,44,4.66,4.66,44,0.499,0.499
1.9,0.445,0.445,4.2,4.2,1.9,1.1,0.33,0.33,3.5,3.5,1.1,26,26,1.6,1.6,0.7,0.7,6.1,6.1,3.13,3.13,125,177,3,0.393,0.393,7.6,7.6,3,1.6,0.706,0.706,2.2,2.2,1.6,61,61,29.1,29.1,29.1,29.1,1,1.3,1.3,-1.86,-1.86,98.38,98.38,330.5,1.7,1.7,9.2,9.2,Al-Farouq Aminu,Al-Farouq Aminu,8.7,8.7,SF,SF,1.27,1.27,185,185,7.68,1,1,POR,POR,1.5,1.5,7.4,7.4,33,9,33,4.86,4.86,33,0.468,0.468
3.6,0.597,0.597,6,6,3.6,0,0,0,0,0,0,22,22,1,1,1,1,3.9,3.9,2.58,2.58,126,179,3.6,0.595,0.595,6.1,6.1,3.6,1.5,0.694,0.694,2.2,2.2,1.5,51,51,20.5,20.5,20.5,20.5,1,1.8,1.8,-1.33,-1.33,98.69,98.69,663,2.5,2.5,12.7,12.7,Nerlens Noel,Nerlens Noel,8.7,8.7,C,C,1.25,1.25,187,187,4.38,1.3,1.3,DAL/PHI,DAL/PHI,1,1,5.8,5.8,105,64,24,2.95,2.95,24,0.595,0.595
1.7,0.52,0.52,3.3,3.3,1.7,1.3,0.372,0.372,3.4,3.4,1.3,29,29,0.8,0.8,0.5,0.5,3.5,3.5,0.69,0.69,127,180,3,0.445,0.445,6.7,6.7,3,1.5,0.876,0.876,1.7,1.7,1.5,82,82,15.7,15.7,15.7,15.7,1,1.1,1.1,0.67,0.67,97.43,97.43,564.5,2.8,2.8,11.4,11.4,Marreese Speights,Marreese Speights,8.7,8.7,C,C,1.36,1.36,188,188,1.4,0.3,0.3,LAC,LAC,0.8,0.8,4.5,4.5,80,12,51,3.66,3.66,51,0.539,0.539
3.3,0.671,0.671,4.9,4.9,3.3,0,,,0,0,0,34,34,0.6,0.6,0.5,0.5,8.2,8.2,2.2,2.2,128,184,3.3,0.671,0.671,4.9,4.9,3.3,1.9,0.734,0.734,2.6,2.6,1.9,47,47,27.6,27.6,27.6,27.6,1,3.3,3.3,-1.06,-1.06,101.88,101.88,832,2.7,2.7,13.1,13.1,Tyson Chandler,Tyson Chandler,8.4,8.4,C,C,1.14,1.14,193,193,12.42,0.7,0.7,PHX,PHX,1.4,1.4,11.5,11.5,29,9,15,3.55,3.55,15,0.671,0.671
0.7,0.336,0.336,2.1,2.1,0.7,2.1,0.389,0.389,5.3,5.3,2.1,25,25,0.7,0.7,0.1,0.1,1.2,1.2,-2.1,-2.1,129,186,2.8,0.374,0.374,7.4,7.4,2.8,0.6,0.796,0.796,0.8,0.8,0.6,67,67,17.7,17.7,17.7,17.7,1,0.3,0.3,-0.02,-0.02,95.85,95.85,106,1.3,1.3,6.5,6.5,Troy Daniels,Troy Daniels,8.2,8.2,SG,SG,-2.12,-2.12,195,195,3.33,0.3,0.3,MEM,MEM,0.7,0.7,1.5,1.5,30,10,33,0.72,0.72,33,0.513,0.513
3.4,0.538,0.538,6.3,6.3,3.4,0.1,0.267,0.267,0.2,0.2,0.1,22,22,1.3,1.3,0.5,0.5,4.6,4.6,0.4,0.4,130,188,3.4,0.529,0.529,6.5,6.5,3.4,1.3,0.728,0.728,1.7,1.7,1.3,72,72,18.4,18.4,18.4,18.4,1,2.4,2.4,-0.75,-0.75,99.12,99.12,2,2.1,2.1,13.3,13.3,Willy Hernangomez,Willy Hernangomez,8.2,8.2,C,C,-0.35,-0.35,197,197,1.44,0.6,0.6,NY,NY,1.4,1.4,7,7,0,55.5,27,2.37,2.37,27,0.533,0.533
2,0.571,0.571,3.4,3.4,2,1,0.321,0.321,3.2,3.2,1,22,22,1.9,1.9,0.1,0.1,2.9,2.9,-0.84,-0.84,131,189,3,0.45,0.45,6.7,6.7,3,1.2,0.72,0.72,1.6,1.6,1.2,57,57,21.7,21.7,21.7,21.7,1,0.4,0.4,-0.46,-0.46,104.52,104.52,198.5,1.6,1.6,8.6,8.6,Caris LeVert,Caris LeVert,8.2,8.2,SF,SF,-1.3,-1.3,198,198,1.56,0.9,0.9,BKN,BKN,1,1,3.3,3.3,0,28,15,1.53,1.53,15,0.528,0.528
3.4,0.532,0.532,6.4,6.4,3.4,0,0,0,0,0,0,23,23,1.1,1.1,0.6,0.6,3.4,3.4,0.9,0.9,132,191,3.4,0.53,0.53,6.4,6.4,3.4,1.3,0.669,0.669,2,2,1.3,75,75,18.9,18.9,18.9,18.9,1,1.1,1.1,-2.07,-2.07,96.91,96.91,456.5,2,2,10.6,10.6,Willie Cauley-Stein,Willie Cauley-Stein,8.1,8.1,C,C,-1.17,-1.17,200,200,3.55,0.7,0.7,SAC,SAC,0.9,0.9,4.5,4.5,0,17,29,1.72,1.72,29,0.53,0.53
1.9,0.462,0.462,4.1,4.1,1.9,1.1,0.382,0.382,2.8,2.8,1.1,23,23,0.8,0.8,0.1,0.1,1.8,1.8,-1.58,-1.58,133,193,3,0.43,0.43,6.9,6.9,3,1.1,0.753,0.753,1.5,1.5,1.1,61,61,19.3,19.3,19.3,19.3,1,0.3,0.3,-2.88,-2.88,97.04,97.04,272.5,1.8,1.8,6,6,Ben McLemore,Ben McLemore,8.1,8.1,SG,SG,-4.46,-4.46,202,202,4.01,0.5,0.5,SAC,SAC,1,1,2.1,2.1,30,17,27,-0.99,-0.99,27,0.507,0.507
3.4,0.604,0.604,5.6,5.6,3.4,0,0,0,0,0,0,25,25,1,1,1.1,1.1,5.5,5.5,1.31,1.31,134,194,3.4,0.6,0.6,5.6,5.6,3.4,1.4,0.498,0.498,2.7,2.7,1.4,78,78,29.9,29.9,29.9,29.9,1,3.7,3.7,-1.31,-1.31,98.28,98.28,1365.5,2.3,2.3,8.9,8.9,Tristan Thompson,Tristan Thompson,8.1,8.1,C,C,0,0,203,203,15.33,0.5,0.5,CLE,CLE,0.8,0.8,9.2,9.2,368,211,50,4.62,4.62,50,0.6,0.6
1.1,0.418,0.418,2.7,2.7,1.1,1.5,0.378,0.378,4.1,4.1,1.5,40,40,1.8,1.8,0.5,0.5,2.6,2.6,-0.06,-0.06,135,195,2.6,0.394,0.394,6.7,6.7,2.6,1.2,0.765,0.765,1.6,1.6,1.2,73,73,24.6,24.7,24.7,24.6,1,0.5,0.5,1.36,1.36,95.02,95.02,2891.5,2.2,2.2,7.8,7.8,Vince Carter,Vince Carter,8,8,SF,SF,1.3,1.3,204,204,4.26,0.8,0.8,MEM,MEM,0.7,0.7,3.1,3.1,0,7,36,4.81,4.81,36,0.508,0.508
2.9,0.503,0.503,5.9,5.9,2.9,0,0.25,0.25,0.2,0.2,0,23,23,0.6,0.6,1.3,1.3,4.6,4.6,1.28,1.28,136,196,3,0.497,0.497,6,6,3,1.9,0.721,0.721,2.7,2.7,1.9,77,77,20.3,20.3,20.3,20.3,1,2,2,-3.62,-3.62,103.52,103.52,270,3.1,3.1,9.5,9.5,Alex Len,Alex Len,8,8,C,C,-2.34,-2.34,205,205,4.82,0.5,0.5,PHX,PHX,1.3,1.3,6.6,6.6,10.5,6,21,0.81,0.81,21,0.5,0.5
1.2,0.367,0.367,3.2,3.2,1.2,1.6,0.39,0.39,4.2,4.2,1.6,25,25,1.3,1.3,0.1,0.1,1.7,1.7,-1.65,-1.65,137,198,2.8,0.38,0.38,7.4,7.4,2.8,0.7,0.797,0.797,0.9,0.9,0.7,74,74,20.2,20.2,20.2,20.2,1,0.4,0.4,0.1,0.1,99.48,99.48,146,1.3,1.3,6.7,6.7,Langston Galloway,Langston Galloway,7.9,7.9,PG,PG,-1.55,-1.55,207,207,5.2,0.6,0.6,NO/SAC,NO/SAC,0.6,0.6,2.1,2.1,14.5,2,29,1.46,1.46,29,0.49,0.49
2.4,0.51,0.51,4.7,4.7,2.4,0.7,0.308,0.308,2.2,2.2,0.7,26,26,2.8,2.8,0.1,0.1,1.9,1.9,-1.28,-1.28,138,199,3.1,0.446,0.446,6.9,6.9,3.1,1,0.688,0.688,1.4,1.4,1,55,55,21.9,21.9,21.9,21.9,1,0.4,0.4,-1.51,-1.51,93.44,93.44,121.5,1.8,1.8,7.9,7.9,Shelvin Mack,Shelvin Mack,7.8,7.8,PG,PG,-2.79,-2.79,208,208,2.43,0.8,0.8,UTAH,UTAH,1.6,1.6,2.3,2.3,6,3,34,0.25,0.25,34,0.495,0.495
2.6,0.418,0.418,6.2,6.2,2.6,0.7,0.376,0.376,1.9,1.9,0.7,30,30,6.7,6.7,0.2,0.2,4.1,4.1,-0.49,-0.49,139,201,3.3,0.408,0.408,8.1,8.1,3.3,0.4,0.6,0.6,0.7,0.7,0.4,69,69,26.7,26.7,26.7,26.7,1,1.1,1.1,-1.35,-1.35,97.96,97.96,1765,2.1,2.1,10.6,10.6,Rajon Rondo,Rajon Rondo,7.8,7.8,PG,PG,-1.84,-1.84,210,210,14,1.4,1.4,CHI,CHI,2.4,2.4,5.1,5.1,185.5,74,34,1.51,1.51,34,0.453,0.453
1.6,0.476,0.476,3.3,3.3,1.6,1.3,0.373,0.373,3.4,3.4,1.3,30,30,2.6,2.6,0.4,0.4,2.3,2.3,-0.46,-0.46,140,202,2.8,0.424,0.424,6.6,6.6,2.8,0.9,0.784,0.784,1.1,1.1,0.9,65,65,26.6,26.6,26.6,26.6,1,0.5,0.5,-0.14,-0.14,97.51,97.51,100,2.2,2.2,7.1,7.1,Garrett Temple,Garrett Temple,7.8,7.8,SG,SG,-0.6,-0.6,211,211,8,1.3,1.3,SAC,SAC,1.2,1.2,2.8,2.8,2,1,25,2.67,2.67,25,0.519,0.519
1.7,0.404,0.404,4.2,4.2,1.7,1,0.367,0.367,2.8,2.8,1,26,26,4.7,4.7,0,0,1.6,1.6,-1.01,-1.01,141,204,2.7,0.39,0.39,7,7,2.7,1.1,0.854,0.854,1.3,1.3,1.1,76,76,26.1,26.1,26.1,26.1,1,0.3,0.3,-0.88,-0.88,97.5,97.5,910.5,2,2,6.6,6.6,Matthew Dellavedova,Matthew Dellavedova,7.6,7.6,PG,PG,-1.89,-1.89,213,213,9.61,0.7,0.7,MIL,MIL,1.8,1.8,1.9,1.9,175,30,39,1.54,1.54,39,0.463,0.463
2,0.436,0.436,4.6,4.6,2,0.9,0.309,0.309,2.9,2.9,0.9,31,31,1.3,1.3,0.4,0.4,4.1,4.1,1.54,1.54,142,205,2.9,0.387,0.387,7.6,7.6,2.9,0.8,0.73,0.73,1.1,1.1,0.8,56,56,26.5,26.5,26.5,26.5,1,1.1,1.1,-1.87,-1.87,100.3,100.3,838,1.1,1.1,7.7,7.7,Luol Deng,Luol Deng,7.6,7.6,SF,SF,-0.33,-0.33,214,214,18,0.9,0.9,LAL,LAL,0.8,0.8,5.3,5.3,22,13.5,18,2.69,2.69,18,0.447,0.447
2,0.651,0.651,3.1,3.1,2,0.8,0.362,0.362,2.3,2.3,0.8,33,33,3.4,3.4,0.5,0.5,3.3,3.3,1.52,1.52,143,206,2.9,0.528,0.528,5.5,5.5,2.9,0.9,0.706,0.706,1.3,1.3,0.9,76,76,26.3,26.3,26.3,26.3,1,0.7,0.7,2.01,2.01,101.92,101.92,1748.5,1.3,1.3,10.2,10.2,Andre Iguodala,Andre Iguodala,7.6,7.6,SF,SF,3.53,3.53,215,215,11.13,1,1,GS,GS,0.8,0.8,4,4,300.5,43,64,8.72,8.72,64,0.605,0.605
1.2,0.387,0.387,3.1,3.1,1.2,1.3,0.392,0.392,3.3,3.3,1.3,39,39,2.7,2.7,0.2,0.2,1.9,1.9,1,1,144,207,2.5,0.39,0.39,6.4,6.4,2.5,1.2,0.804,0.804,1.6,1.6,1.2,69,69,18.7,18.7,18.7,18.7,1,0.4,0.4,1.43,1.43,100.94,100.94,53,1.7,1.7,8.7,8.7,Manu Ginobili,Manu Ginobili,7.5,7.5,SG,SG,2.43,2.43,216,216,14,1.2,1.2,SA,SA,1.4,1.4,2.3,2.3,299,66,51,4.64,4.64,51,0.491,0.491
0.9,0.42,0.42,2,2,0.9,1.7,0.379,0.379,4.6,4.6,1.7,29,29,1.8,1.8,0.8,0.8,2.8,2.8,1.71,1.71,145,214,2.6,0.392,0.392,6.6,6.6,2.6,0.4,0.844,0.844,0.5,0.5,0.4,68,68,26.6,26.6,26.6,26.6,1,0.5,0.5,-0.45,-0.45,94.47,94.47,6,1.8,1.8,6.9,6.9,Danny Green,Danny Green,7.3,7.3,SG,SG,1.26,1.26,224,224,10,1,1,SA,SA,1.1,1.1,3.3,3.3,0,15,51,4.83,4.83,51,0.523,0.523
3.1,0.59,0.59,5.3,5.3,3.1,0,,,0,0,0,33,33,1.6,1.6,0.5,0.5,3.7,3.7,1.5,1.5,146,215,3.1,0.59,0.59,5.3,5.3,3.1,1,0.708,0.708,1.4,1.4,1,79,79,18.7,18.7,18.7,18.7,1,1.9,1.9,-0.38,-0.38,98.36,98.36,42,1.6,1.6,12.6,12.6,David Lee,David Lee,7.3,7.3,PF,PF,1.12,1.12,225,225,1.55,0.4,0.4,SA,SA,1,1,5.6,5.6,56.5,35,58,3.98,3.98,58,0.59,0.59
2.1,0.484,0.484,4.4,4.4,2.1,0.7,0.342,0.342,1.9,1.9,0.7,32,32,1.7,1.7,0.5,0.5,3.5,3.5,2.27,2.27,147,217,2.8,0.441,0.441,6.4,6.4,2.8,0.9,0.733,0.733,1.2,1.2,0.9,62,62,25.7,25.7,25.7,25.7,1,0.9,0.9,-1.93,-1.93,99.53,99.53,280,1.6,1.6,8.6,8.6,Thabo Sefolosha,Thabo Sefolosha,7.2,7.2,SF,SF,0.34,0.34,227,227,3.85,1.5,1.5,ATL,ATL,0.9,0.9,4.4,4.4,28.5,17.5,32,3.55,3.55,32,0.492,0.492
1.7,0.522,0.522,3.3,3.3,1.7,0.8,0.299,0.299,2.6,2.6,0.8,23,23,0.9,0.9,0.3,0.3,2.3,2.3,-2.54,-2.54,148,219,2.5,0.424,0.424,5.9,5.9,2.5,1.4,0.791,0.791,1.7,1.7,1.4,75,75,16.4,16.4,16.4,16.4,1,0.9,0.9,-1.36,-1.36,97.35,97.35,4,1.5,1.5,9.1,9.1,Justin Anderson,Justin Anderson,7.1,7.1,SF,SF,-3.9,-3.9,229,229,1.51,0.5,0.5,DAL/PHI,DAL/PHI,0.9,0.9,3.3,3.3,5,10,24,-0.59,-0.59,24,0.49,0.49
1,0.471,0.471,2.1,2.1,1,1.5,0.441,0.441,3.4,3.4,1.5,29,29,2.7,2.7,0.1,0.1,2.9,2.9,0.26,0.26,149,222,2.5,0.452,0.452,5.5,5.5,2.5,0.6,0.735,0.735,0.8,0.8,0.6,82,82,24,24,24,24,1,0.3,0.3,2.29,2.29,94.04,94.04,178,2,2,8.9,8.9,Joe Ingles,Joe Ingles,7.1,7.1,SF,SF,2.55,2.55,232,232,2.15,1.2,1.2,UTAH,UTAH,1.3,1.3,3.2,3.2,86.5,4,51,6.68,6.68,51,0.589,0.589
1.3,0.559,0.559,2.2,2.2,1.3,1.2,0.379,0.379,3.2,3.2,1.2,31,31,1.9,1.9,0.3,0.3,3,3,1.89,1.89,150,231,2.5,0.454,0.454,5.4,5.4,2.5,0.7,0.662,0.662,1,1,0.7,64,64,21.3,21.3,21.3,21.3,1,0.5,0.5,-0.67,-0.67,103.23,103.23,184,2.4,2.4,7.9,7.9,Jared Dudley,Jared Dudley,6.8,6.8,PF,PF,1.22,1.22,241,241,10.47,0.7,0.7,PHX,PHX,1.1,1.1,3.5,3.5,31,4,17,3.94,3.94,17,0.565,0.565
0.9,0.458,0.458,2,2,0.9,1.4,0.372,0.372,3.9,3.9,1.4,27,27,1.2,1.2,0.4,0.4,3.6,3.6,1.26,1.26,151,233,2.4,0.401,0.401,5.9,5.9,2.4,0.7,0.717,0.717,0.9,0.9,0.7,65,65,24.6,24.6,24.6,24.6,1,1,1,1.05,1.05,97.3,97.3,8,1.8,1.8,7.5,7.5,Patrick Patterson,Patrick Patterson,6.8,6.8,PF,PF,2.31,2.31,243,243,6.05,0.6,0.6,TOR,TOR,0.6,0.6,4.5,4.5,53.5,8,42,5.4,5.4,42,0.523,0.523
2.4,0.541,0.541,4.4,4.4,2.4,0.5,0.333,0.333,1.5,1.5,0.5,21,21,0.5,0.5,0.2,0.2,3.5,3.5,-0.5,-0.5,153,234,2.9,0.488,0.488,5.9,5.9,2.9,0.6,0.661,0.661,0.9,0.9,0.6,64,64,15.6,15.6,15.6,15.6,1,1.2,1.2,-1.94,-1.94,97.38,97.38,193,1.5,1.5,11,11,Bobby Portis,Bobby Portis,6.8,6.8,PF,PF,-2.44,-2.44,244,244,1.52,0.3,0.3,CHI,CHI,0.6,0.6,4.6,4.6,37,73,30,0.43,0.43,30,0.531,0.531
2.4,0.541,0.541,4.4,4.4,2.4,0.5,0.333,0.333,1.5,1.5,0.5,21,21,0.5,0.5,0.2,0.2,3.5,3.5,-0.5,-0.5,152,234,2.9,0.488,0.488,5.9,5.9,2.9,0.6,0.661,0.661,0.9,0.9,0.6,64,64,15.6,15.6,15.6,15.6,1,1.2,1.2,-1.94,-1.94,97.38,97.38,193,1.5,1.5,11,11,Bobby Portis,Bobby Portis,6.8,6.8,PF,PF,-2.44,-2.44,244,244,1.45,0.3,0.3,CHI,CHI,0.6,0.6,4.6,4.6,37,73,30,0.43,0.43,30,0.531,0.531
3,0.619,0.619,4.8,4.8,3,0,0,0,0,0,0,29,29,0.5,0.5,0.7,0.7,1.7,1.7,0.4,0.4,154,235,3,0.615,0.615,4.8,4.8,3,0.8,0.657,0.657,1.3,1.3,0.8,28,28,16,16,16,16,1,1.1,1.1,-0.86,-0.86,93.54,93.54,152.5,1.5,1.5,11.6,11.6,Brandan Wright,Brandan Wright,6.8,6.8,PF,PF,-0.46,-0.46,246,246,5.71,0.4,0.4,MEM,MEM,0.4,0.4,2.8,2.8,0,6,14,0.71,0.71,14,0.615,0.615
1.8,0.43,0.43,4.1,4.1,1.8,0.6,0.329,0.329,1.8,1.8,0.6,25,25,0.7,0.7,0.1,0.1,2.5,2.5,-0.94,-0.94,155,236,2.4,0.399,0.399,5.9,5.9,2.4,1.4,0.769,0.769,1.9,1.9,1.4,42,42,15.5,15.5,15.5,15.5,1,0.4,0.4,-2.47,-2.47,95.94,95.94,111,1.2,1.2,8.7,8.7,Alec Burks,Alec Burks,6.7,6.7,SG,SG,-3.41,-3.41,247,247,10.15,0.4,0.4,UTAH,UTAH,0.8,0.8,2.9,2.9,10,15,26,-0.12,-0.12,26,0.45,0.45
2.2,0.571,0.571,3.9,3.9,2.2,0.3,0.284,0.284,1,1,0.3,25,25,0.6,0.6,0.5,0.5,2.8,2.8,-0.51,-0.51,156,239,2.5,0.515,0.515,4.9,4.9,2.5,1.4,0.759,0.759,1.8,1.8,1.4,77,77,17.3,17.3,17.3,17.3,1,1.2,1.2,-0.66,-0.66,93.78,93.78,213,1.8,1.8,10.7,10.7,Dwight Powell,Dwight Powell,6.7,6.7,C,C,-1.17,-1.17,251,251,8.38,0.8,0.8,DAL,DAL,0.4,0.4,4,4,0,10,30,1.58,1.58,30,0.542,0.542
1.9,0.507,0.507,3.7,3.7,1.9,0.6,0.341,0.341,1.7,1.7,0.6,20,20,0.8,0.8,0.2,0.2,2.2,2.2,-0.42,-0.42,157,240,2.5,0.454,0.454,5.4,5.4,2.5,1.1,0.685,0.685,1.6,1.6,1.1,78,78,17.2,17.2,17.2,17.2,1,0.6,0.6,-2.95,-2.95,99.02,99.02,441,1.8,1.8,7.1,7.1,Jaylen Brown,Jaylen Brown,6.6,6.6,SF,SF,-3.37,-3.37,253,253,4.74,0.4,0.4,BOS,BOS,0.9,0.9,2.8,2.8,0,100,50,-0.21,-0.21,50,0.508,0.508
2.2,0.401,0.401,5.4,5.4,2.2,0.3,0.234,0.234,1.4,1.4,0.3,25,25,2.5,2.5,0.5,0.5,2.9,2.9,1.12,1.12,158,241,2.5,0.366,0.366,6.8,6.8,2.5,1.3,0.753,0.753,1.7,1.7,1.3,45,45,18.8,18.8,18.8,18.8,1,0.5,0.5,-2.82,-2.82,98.47,98.47,645,2.3,2.3,7,7,Michael Carter-Williams,Michael Carter-Williams,6.6,6.6,PG,PG,-1.7,-1.7,254,254,3.18,0.8,0.8,CHI,CHI,1.5,1.5,3.4,3.4,0,5,25,0.77,0.77,25,0.391,0.391
1.6,0.579,0.579,2.7,2.7,1.6,1.1,0.392,0.392,2.7,2.7,1.1,29,29,0.6,0.6,0.4,0.4,3.3,3.3,-0.56,-0.56,159,242,2.6,0.485,0.485,5.4,5.4,2.6,0.2,0.593,0.593,0.4,0.4,0.2,66,66,25,25,25,25,1,0.8,0.8,-0.37,-0.37,99.77,99.77,97.5,1.5,1.5,6.8,6.8,Dante Cunningham,Dante Cunningham,6.6,6.6,SF,SF,-0.93,-0.93,255,255,2.98,0.6,0.6,NO,NO,0.4,0.4,4.2,4.2,0,3,28,2.29,2.29,28,0.584,0.584
3,0.552,0.552,5.5,5.5,3,0,0,0,0,0,0,27,27,0.7,0.7,0.7,0.7,4,4,2.83,2.83,160,243,3,0.551,0.551,5.5,5.5,3,0.5,0.613,0.613,0.9,0.9,0.5,71,71,20,20,20,20,1,1.7,1.7,-2.78,-2.78,96.17,96.17,189,2.4,2.4,9.3,9.3,Kosta Koufos,Kosta Koufos,6.6,6.6,C,C,0.05,0.05,256,256,8.05,0.5,0.5,SAC,SAC,0.9,0.9,5.7,5.7,37,8,27,2.79,2.79,27,0.551,0.551
2.2,0.609,0.609,3.5,3.5,2.2,0.6,0.245,0.245,2.3,2.3,0.6,25,25,1,1,1,1,3.9,3.9,2.64,2.64,161,244,2.7,0.464,0.464,5.9,5.9,2.7,0.6,0.423,0.423,1.4,1.4,0.6,79,79,30.1,30.1,30.1,30.1,1,1.2,1.2,-1.4,-1.4,101.08,101.08,7.5,2.6,2.6,5.9,5.9,Andre Roberson,Andre Roberson,6.6,6.6,SF,SF,1.24,1.24,257,257,2.18,1.2,1.2,OKC,OKC,0.6,0.6,5.1,5.1,10,8,46,6.73,6.73,46,0.513,0.513
1.9,0.591,0.591,3.1,3.1,1.9,0.8,0.321,0.321,2.4,2.4,0.8,22,22,1,1,0.3,0.3,2.5,2.5,-1.42,-1.42,162,246,2.6,0.473,0.473,5.6,5.6,2.6,0.5,0.559,0.559,0.9,0.9,0.5,77,77,18.4,18.4,18.4,18.4,1,1.2,1.2,0.05,0.05,102.25,102.25,331,1.1,1.1,8.7,8.7,Sam Dekker,Sam Dekker,6.5,6.5,SF,SF,-1.37,-1.37,259,259,1.72,0.5,0.5,HOU,HOU,0.5,0.5,3.7,3.7,139,13,52,1.64,1.64,52,0.543,0.543
2.3,0.612,0.612,3.8,3.8,2.3,0.3,0.409,0.409,0.8,0.8,0.3,29,29,1.8,1.8,0.8,0.8,3.1,3.1,3.58,3.58,163,247,2.7,0.576,0.576,4.6,4.6,2.7,0.8,0.67,0.67,1.3,1.3,0.8,80,80,20.1,20.1,20.1,20.1,1,1.5,1.5,0.22,0.22,97.94,97.94,282,2.6,2.6,9.1,9.1,Amir Johnson,Amir Johnson,6.5,6.5,PF,PF,3.8,3.8,260,260,12,0.6,0.6,BOS,BOS,1,1,4.6,4.6,31.5,6,51,7.02,7.02,51,0.612,0.612
2.7,0.538,0.538,5,5,2.7,0,0.118,0.118,0.2,0.2,0,26,26,1.5,1.5,1.3,1.3,3.6,3.6,1.16,1.16,164,254,2.7,0.521,0.521,5.2,5.2,2.7,0.8,0.771,0.771,1.1,1.1,0.8,79,79,15.6,15.6,15.6,15.6,1,2,2,-1.28,-1.28,97.82,97.82,152,2.2,2.2,13.2,13.2,Kyle O'Quinn,Kyle O'Quinn,6.3,6.3,C,C,-0.12,-0.12,267,267,3.92,0.5,0.5,NY,NY,1,1,5.6,5.6,0,7,29,2.31,2.31,29,0.523,0.523
1.7,0.519,0.519,3.2,3.2,1.7,0.7,0.295,0.295,2.3,2.3,0.7,21,21,1.7,1.7,0.2,0.2,1.5,1.5,-0.65,-0.65,165,256,2.3,0.427,0.427,5.5,5.5,2.3,0.9,0.795,0.795,1.1,1.1,0.9,66,66,18.6,18.6,18.6,18.6,1,0.5,0.5,-2.14,-2.14,94.42,94.42,483,2.2,2.2,5.4,5.4,Dante Exum,Dante Exum,6.2,6.2,PG,PG,-2.79,-2.79,270,270,3.94,0.3,0.3,UTAH,UTAH,1.2,1.2,2,2,48.5,28,40,0.25,0.25,40,0.488,0.488
2,0.556,0.556,3.6,3.6,2,0.5,0.309,0.309,1.5,1.5,0.5,28,28,1.5,1.5,0.6,0.6,2.8,2.8,-0.87,-0.87,166,258,2.5,0.484,0.484,5.1,5.1,2.5,0.8,0.846,0.846,1,1,0.8,54,54,14.8,14.8,14.8,14.8,1,0.7,0.7,-2.13,-2.13,100.06,100.06,195,1.4,1.4,10.9,10.9,Spencer Hawes,Spencer Hawes,6.2,6.2,PF,PF,-3,-3,272,272,6.35,0.3,0.3,MIL/CHA,MIL/CHA,0.9,0.9,3.5,3.5,12,4,27,0.06,0.06,27,0.529,0.529
1.3,0.4,0.4,3.3,3.3,1.3,0.9,0.319,0.319,2.9,2.9,0.9,21,21,1,1,0.3,0.3,2.6,2.6,-0.23,-0.23,167,259,2.2,0.362,0.362,6.2,6.2,2.2,0.8,0.722,0.722,1.1,1.1,0.8,71,71,16.3,16.3,16.3,16.3,1,0.7,0.7,-2.48,-2.48,94.43,94.43,334.5,1.4,1.4,7.6,7.6,Trey Lyles,Trey Lyles,6.2,6.2,PF,PF,-2.71,-2.71,273,273,2.34,0.4,0.4,UTAH,UTAH,0.9,0.9,3.3,3.3,48,12,43,0.29,0.29,43,0.436,0.436
1.5,0.388,0.388,3.8,3.8,1.5,0.7,0.269,0.269,2.7,2.7,0.7,28,28,1.6,1.6,0.1,0.1,2.3,2.3,-0.33,-0.33,168,261,2.2,0.338,0.338,6.5,6.5,2.2,1,0.814,0.814,1.3,1.3,1,34,34,19.9,19.9,19.9,19.9,1,0.2,0.2,-3.51,-3.51,94.04,94.04,555.5,1.5,1.5,5.6,5.6,Chandler Parsons,Chandler Parsons,6.2,6.2,SF,SF,-3.84,-3.84,275,275,22.12,0.6,0.6,MEM,MEM,0.7,0.7,2.5,2.5,59,16,18,-0.29,-0.29,18,0.394,0.394
1.8,0.524,0.524,3.5,3.5,1.8,0.6,0.29,0.29,2.1,2.1,0.6,22,22,0.8,0.8,0.3,0.3,1.8,1.8,-0.45,-0.45,169,264,2.4,0.437,0.437,5.6,5.6,2.4,0.7,0.656,0.656,1.1,1.1,0.7,30,30,18.6,18.6,18.6,18.6,1,0.5,0.5,-3.06,-3.06,98.77,98.77,72,2,2,5.5,5.5,Troy Williams,Troy Williams,6.2,6.2,SF,SF,-3.51,-3.51,278,278,1.58,0.9,0.9,HOU/MEM,HOU/MEM,1.1,1.1,2.3,2.3,5,9,19,-0.14,-0.14,19,0.491,0.491
2.7,0.658,0.658,4.1,4.1,2.7,0,0,0,0,0,0,29,29,0.2,0.2,0.9,0.9,1.9,1.9,0.11,0.11,170,266,2.7,0.652,0.652,4.1,4.1,2.7,0.7,0.505,0.505,1.4,1.4,0.7,77,77,9.6,9.6,9.6,9.6,1,1.3,1.3,0.83,0.83,105.1,105.1,804.5,1.4,1.4,12.5,12.5,JaVale McGee,JaVale McGee,6.1,6.1,C,C,0.94,0.94,280,280,1.4,0.2,0.2,GS,GS,0.5,0.5,3.2,3.2,0,32,62,2.04,2.04,62,0.652,0.652
1.3,0.473,0.473,2.7,2.7,1.3,0.8,0.366,0.366,2.1,2.1,0.8,24,24,1.9,1.9,0.1,0.1,1.5,1.5,1.07,1.07,171,273,2,0.425,0.425,4.8,4.8,2,1,0.89,0.89,1.2,1.2,1,63,63,16.3,16.3,16.3,16.3,1,0.3,0.3,0.5,0.5,97,97,371,1.5,1.5,8.4,8.4,Jerian Grant,Jerian Grant,5.9,5.9,PG,PG,1.57,1.57,289,289,1.64,0.7,0.7,CHI,CHI,0.7,0.7,1.8,1.8,25,32.5,29,3.03,3.03,29,0.507,0.507
1,0.363,0.363,2.8,2.8,1,0.6,0.276,0.276,2.2,2.2,0.6,22,22,2.8,2.8,0.3,0.3,1.6,1.6,-0.38,-0.38,172,274,1.6,0.325,0.325,5,5,1.6,2.1,0.763,0.763,2.7,2.7,2.1,72,72,20.5,20.5,20.5,20.5,1,0.3,0.3,-1.2,-1.2,94.76,94.76,5,2.7,2.7,5.3,5.3,Andrew Harrison,Andrew Harrison,5.9,5.9,PG,PG,-1.58,-1.58,290,290,1.31,0.7,0.7,MEM,MEM,1.2,1.2,1.9,1.9,0,17,38,1.38,1.38,38,0.385,0.385
1.7,0.438,0.438,4,4,1.7,0.6,0.321,0.321,2,2,0.6,20,20,1,1,0.4,0.4,3,3,1.86,1.86,173,275,2.4,0.399,0.399,5.9,5.9,2.4,0.5,0.657,0.657,0.8,0.8,0.5,81,81,20.1,20.1,20.1,20.1,1,0.6,0.6,-3.9,-3.9,99.61,99.61,550.5,2.5,2.5,4.9,4.9,Domantas Sabonis,Domantas Sabonis,5.9,5.9,PF,PF,-2.04,-2.04,291,291,2.44,0.5,0.5,OKC,OKC,1,1,3.6,3.6,0,82,46,1.14,1.14,46,0.452,0.452
0.9,0.413,0.413,2.1,2.1,0.9,1,0.411,0.411,2.4,2.4,1,26,26,0.5,0.5,0.4,0.4,2.5,2.5,-0.21,-0.21,174,276,1.8,0.412,0.412,4.5,4.5,1.8,1.2,0.75,0.75,1.6,1.6,1.2,38,38,14.7,14.7,14.7,14.7,1,0.5,0.5,-2.38,-2.38,101.09,101.09,179,1.8,1.8,8.3,8.3,Quincy Acy,Quincy Acy,5.8,5.8,PF,PF,-2.59,-2.59,292,292,1.79,0.4,0.4,DAL/BKN,DAL/BKN,0.6,0.6,3,3,4,4,11,0.01,0.01,11,0.521,0.521
2.1,0.586,0.586,3.6,3.6,2.1,0,,,0,0,0,30,30,0.6,0.6,0.8,0.8,3.3,3.3,3.11,3.11,175,284,2.1,0.586,0.586,3.6,3.6,2.1,1.4,0.573,0.573,2.4,2.4,1.4,31,31,17.9,17.9,17.9,17.9,1,1.5,1.5,-2.22,-2.22,98.9,98.9,162.5,2.9,2.9,8.2,8.2,Ian Mahinmi,Ian Mahinmi,5.6,5.6,C,C,0.89,0.89,301,301,15.94,1.1,1.1,WSH,WSH,1.1,1.1,4.8,4.8,10,5,19,1.44,1.44,19,0.586,0.586
2.5,0.56,0.56,4.5,4.5,2.5,0,0,0,0.1,0.1,0,19,19,0.9,0.9,0.8,0.8,2.8,2.8,-0.3,-0.3,176,285,2.5,0.549,0.549,4.6,4.6,2.5,0.5,0.857,0.857,0.6,0.6,0.5,22,22,16.1,16.1,16.1,16.1,1,1.1,1.1,-2.47,-2.47,96.93,96.93,172,2,2,8.2,8.2,Georgios Papagiannis,Georgios Papagiannis,5.6,5.6,C,C,-2.77,-2.77,302,302,2.2,0.1,0.1,SAC,SAC,1.1,1.1,3.9,3.9,7,3,7,0.08,0.08,7,0.549,0.549
1.4,0.453,0.453,3.2,3.2,1.4,0.4,0.333,0.333,1.1,1.1,0.4,24,24,2.1,2.1,0.4,0.4,1.2,1.2,0.98,0.98,177,286,1.8,0.422,0.422,4.3,4.3,1.8,1.6,0.764,0.764,2,2,1.6,27,27,16.5,16.5,16.5,16.5,1,0.6,0.6,-1.28,-1.28,94.48,94.48,202.5,1.1,1.1,10.5,10.5,Delon Wright,Delon Wright,5.6,5.6,PG,PG,-0.3,-0.3,303,303,1.58,1,1,TOR,TOR,0.9,0.9,1.8,1.8,11.5,14,19,0.77,0.77,19,0.466,0.466
1.2,0.479,0.479,2.4,2.4,1.2,0.8,0.308,0.308,2.7,2.7,0.8,31,31,0.5,0.5,0,0,0.4,0.4,-1.46,-1.46,178,289,2,0.389,0.389,5.1,5.1,2,0.7,0.919,0.919,0.8,0.8,0.7,49,49,14.6,14.6,14.6,14.6,1,0.2,0.2,-0.66,-0.66,99.75,99.75,177.5,0.9,0.9,5.5,5.5,Anthony Morrow,Anthony Morrow,5.5,5.5,SG,SG,-2.12,-2.12,306,306,3.49,0.5,0.5,CHI/OKC,CHI/OKC,0.1,0.1,0.6,0.6,0,5,25,0.46,0.46,25,0.47,0.47
1.3,0.405,0.405,3.1,3.1,1.3,0.8,0.318,0.318,2.4,2.4,0.8,22,22,1.8,1.8,0.1,0.1,2.5,2.5,-0.01,-0.01,179,290,2,0.367,0.367,5.6,5.6,2,0.7,0.773,0.773,0.9,0.9,0.7,74,74,17.1,17.1,17.1,17.1,1,0.5,0.5,-1.05,-1.05,98.27,98.27,208,0.9,0.9,9.1,9.1,Terry Rozier,Terry Rozier,5.5,5.5,PG,PG,-1.06,-1.06,307,307,1.91,0.6,0.6,BOS,BOS,0.6,0.6,3.1,3.1,2,6,47,1.65,1.65,47,0.437,0.437
1.6,0.428,0.428,3.8,3.8,1.6,0.4,0.236,0.236,1.5,1.5,0.4,27,27,2.6,2.6,0,0,1.5,1.5,-0.25,-0.25,180,292,2,0.374,0.374,5.3,5.3,2,1,0.806,0.806,1.3,1.3,1,73,73,17.1,17.1,17.1,17.1,1,0.1,0.1,-2.64,-2.64,98.7,98.7,183.5,1.5,1.5,6.4,6.4,Malcolm Delaney,Malcolm Delaney,5.4,5.4,PG,PG,-2.89,-2.89,309,309,2.5,0.5,0.5,ATL,ATL,1.3,1.3,1.7,1.7,1,1,37,0.18,0.18,37,0.407,0.407
1,0.436,0.436,2.2,2.2,1,1,0.347,0.347,2.9,2.9,1,24,24,1,1,0.4,0.4,2.8,2.8,0.26,0.26,181,294,2,0.386,0.386,5.1,5.1,2,0.5,0.875,0.875,0.5,0.5,0.5,74,74,16.5,16.5,16.5,16.5,1,0.4,0.4,-1.5,-1.5,99.44,99.44,276,2.3,2.3,6.1,6.1,Meyers Leonard,Meyers Leonard,5.4,5.4,PF,PF,-1.24,-1.24,311,311,9.21,0.2,0.2,POR,POR,0.5,0.5,3.2,3.2,149,31,37,1.48,1.48,37,0.484,0.484
0.9,0.471,0.471,2,2,0.9,0.6,0.34,0.34,1.8,1.8,0.6,23,23,1.3,1.3,0.1,0.1,1,1,-1.36,-1.36,182,296,1.5,0.408,0.408,3.8,3.8,1.5,1.6,0.953,0.953,1.7,1.7,1.6,26,26,11.5,11.5,11.5,11.5,1,0.2,0.2,-0.74,-0.74,98.49,98.49,82,1.5,1.5,8.4,8.4,Chasson Randle,Chasson Randle,5.3,5.3,PG,PG,-2.1,-2.1,314,314,1.31,0.3,0.3,NY/PHI,NY/PHI,0.7,0.7,1.2,1.2,13.5,7,8,0.2,0.2,8,0.49,0.49
0.7,0.418,0.418,1.8,1.8,0.7,1,0.33,0.33,2.9,2.9,1,33,33,2,2,0.1,0.1,2.1,2.1,-1.42,-1.42,183,300,1.7,0.363,0.363,4.7,4.7,1.7,0.8,0.857,0.857,0.9,0.9,0.8,69,69,18.6,18.6,18.6,18.6,1,0.1,0.1,-2.7,-2.7,103.71,103.71,267.5,1.4,1.4,5.7,5.7,Randy Foye,Randy Foye,5.2,5.2,SG,SG,-4.12,-4.12,318,318,2.5,0.5,0.5,BKN,BKN,1.2,1.2,2.2,2.2,2,4,17,-0.85,-0.85,17,0.466,0.466
1.2,0.346,0.346,3.5,3.5,1.2,0.9,0.314,0.314,2.8,2.8,0.9,22,22,1.8,1.8,0.1,0.1,1.5,1.5,-0.31,-0.31,184,301,2.1,0.332,0.332,6.2,6.2,2.1,0.2,0.625,0.625,0.3,0.3,0.2,31,31,14.9,14.9,14.9,14.9,1,0.1,0.1,-4.14,-4.14,98.86,98.86,324.5,1.7,1.7,4.1,4.1,Cameron Payne,Cameron Payne,5.2,5.2,PG,PG,-4.45,-4.45,319,319,2.11,0.5,0.5,CHI/OKC,CHI/OKC,0.9,0.9,1.5,1.5,38.5,21,16,-0.39,-0.39,16,0.402,0.402
1.5,0.535,0.535,2.8,2.8,1.5,0.5,0.34,0.34,1.4,1.4,0.5,36,36,1,1,0.1,0.1,2.4,2.4,-0.29,-0.29,185,305,2,0.47,0.47,4.2,4.2,2,0.7,0.676,0.676,1,1,0.7,36,36,12.8,12.8,12.8,12.8,1,1.4,1.4,-0.8,-0.8,102.58,102.58,416,1.8,1.8,8.9,8.9,Luis Scola,Luis Scola,5.1,5.1,PF,PF,-1.09,-1.09,323,323,5.5,0.4,0.4,BKN,BKN,0.9,0.9,3.9,3.9,16,60,7,0.62,0.62,7,0.526,0.526
0.5,0.363,0.363,1.4,1.4,0.5,1.3,0.351,0.351,3.6,3.6,1.3,23,23,1.1,1.1,0.1,0.1,2.5,2.5,0.13,0.13,186,308,1.8,0.354,0.354,5.1,5.1,1.8,0.2,0.778,0.778,0.3,0.3,0.2,57,57,17.1,17.1,17.1,17.1,1,0.2,0.2,-2.21,-2.21,97.94,97.94,403,1.5,1.5,5.8,5.8,Denzel Valentine,Denzel Valentine,5.1,5.1,SG,SG,-2.08,-2.08,326,326,2.09,0.5,0.5,CHI,CHI,0.9,0.9,2.6,2.6,23,24,28,0.64,0.64,28,0.481,0.481
1.1,0.568,0.568,1.9,1.9,1.1,0.6,0.271,0.271,2.1,2.1,0.6,23,23,0.5,0.5,0.1,0.1,2.3,2.3,-1.29,-1.29,187,309,1.7,0.413,0.413,4,4,1.7,1.1,0.722,0.722,1.6,1.6,1.1,23,23,11.5,11.5,11.5,11.5,1,1.1,1.1,-0.76,-0.76,104.03,104.03,19,0.8,0.8,9.4,9.4,Anthony Bennett,Anthony Bennett,5,5,PF,PF,-2.05,-2.05,327,327,1.02,0.2,0.2,BKN,BKN,0.5,0.5,3.4,3.4,9,10.5,3,0.19,0.19,3,0.484,0.484
1.1,0.424,0.424,2.6,2.6,1.1,0.7,0.375,0.375,2,2,0.7,32,32,1.9,1.9,0.1,0.1,0.8,0.8,-1.47,-1.47,188,310,1.9,0.403,0.403,4.6,4.6,1.9,0.5,0.8,0.8,0.6,0.6,0.5,65,65,13.8,13.8,13.8,13.8,1,0.3,0.3,-1.81,-1.81,96.55,96.55,10,1.4,1.4,6.2,6.2,Aaron Brooks,Aaron Brooks,5,5,PG,PG,-3.28,-3.28,328,328,2.7,0.4,0.4,IND,IND,1,1,1.1,1.1,1,3,36,-0.09,-0.09,36,0.483,0.483
1.5,0.459,0.459,3.2,3.2,1.5,0.5,0.443,0.443,1.2,1.2,0.5,24,24,1.8,1.8,0.1,0.1,0.7,0.7,-3.09,-3.09,189,311,2,0.455,0.455,4.5,4.5,2,0.4,0.759,0.759,0.5,0.5,0.4,57,57,12.3,12.3,12.3,12.3,1,0.1,0.1,-2.15,-2.15,96.37,96.37,429.5,0.9,0.9,8.1,8.1,Trey Burke,Trey Burke,5,5,PG,PG,-5.24,-5.24,329,329,3.39,0.2,0.2,WSH,WSH,0.8,0.8,0.8,0.8,41,14,35,-0.92,-0.92,35,0.516,0.516
2.2,0.493,0.493,4.4,4.4,2.2,0,0,0,0,0,0,31,31,2.2,2.2,0.8,0.8,5.2,5.2,1.17,1.17,190,312,2.2,0.49,0.49,4.4,4.4,2.2,0.7,0.436,0.436,1.7,1.7,0.7,46,46,22.1,22.1,22.1,22.1,1,3.5,3.5,-2.23,-2.23,98.45,98.45,1202.5,2.8,2.8,9.4,9.4,Joakim Noah,Joakim Noah,5,5,C,C,-1.06,-1.06,330,330,17,0.7,0.7,NY,NY,1.3,1.3,8.8,8.8,0,87,17,1.32,1.32,17,0.49,0.49
1.1,0.398,0.398,2.9,2.9,1.1,0.7,0.299,0.299,2.2,2.2,0.7,21,21,1,1,0.2,0.2,1.9,1.9,-2.2,-2.2,191,316,1.8,0.355,0.355,5.1,5.1,1.8,0.6,0.8,0.8,0.8,0.8,0.6,65,65,14.8,14.8,14.8,14.8,1,0.3,0.3,-4.4,-4.4,97.48,97.48,396.5,1.1,1.1,5.9,5.9,Mario Hezonja,Mario Hezonja,4.9,4.9,SF,SF,-6.6,-6.6,335,335,3.91,0.5,0.5,ORL,ORL,0.9,0.9,2.2,2.2,272,207,20,-2.09,-2.09,20,0.42,0.42
1.5,0.48,0.48,3.1,3.1,1.5,0.3,0.333,0.333,0.8,0.8,0.3,32,32,0.5,0.5,0.1,0.1,1.8,1.8,0.69,0.69,192,318,1.8,0.452,0.452,3.9,3.9,1.8,1.1,0.818,0.818,1.4,1.4,1.1,8,8,9.5,9.5,9.5,9.5,1,1,1,-1.97,-1.97,99.11,99.11,274.5,1,1,10.6,10.6,Tiago Splitter,Tiago Splitter,4.9,4.9,C,C,-1.28,-1.28,337,337,8.55,0.1,0.1,PHI,PHI,0.8,0.8,2.8,2.8,8,9,1,0.09,0.09,1,0.484,0.484
2.2,0.556,0.556,4,4,2.2,0,0,0,0,0,0,27,27,0.5,0.5,0.4,0.4,2.1,2.1,-1.07,-1.07,193,322,2.2,0.551,0.551,4,4,2.2,0.3,0.636,0.636,0.4,0.4,0.3,49,49,11.4,11.4,11.4,11.4,1,0.8,0.8,-2.94,-2.94,96.87,96.87,16,1.3,1.3,9.5,9.5,Kevin Seraphin,Kevin Seraphin,4.7,4.7,PF,PF,-4.01,-4.01,341,341,1.8,0.1,0.1,IND,IND,0.6,0.6,2.9,2.9,4.5,8,23,-0.31,-0.31,23,0.551,0.551
1,0.481,0.481,2,2,1,0.6,0.266,0.266,2.4,2.4,0.6,25,25,0.9,0.9,0,0,1.1,1.1,-1.12,-1.12,194,323,1.6,0.364,0.364,4.4,4.4,1.6,0.8,0.909,0.909,0.8,0.8,0.8,39,39,15.2,15.2,15.2,15.2,1,0.2,0.2,-3,-3,96.46,96.46,180.5,0.9,0.9,5.6,5.6,Isaiah Canaan,Isaiah Canaan,4.6,4.6,SG,SG,-4.12,-4.12,342,342,1.02,0.6,0.6,CHI,CHI,0.5,0.5,1.3,1.3,24.5,8,19,-0.37,-0.37,19,0.436,0.436
1.7,0.512,0.512,3.4,3.4,1.7,0.3,0.247,0.247,1.1,1.1,0.3,34,34,2.3,2.3,0.1,0.1,1.5,1.5,-0.5,-0.5,195,324,2,0.446,0.446,4.5,4.5,2,0.4,0.743,0.743,0.5,0.5,0.4,73,73,17.6,17.6,17.6,17.6,1,0.6,0.6,-2.58,-2.58,93.08,93.08,489.5,1.1,1.1,7.1,7.1,Boris Diaw,Boris Diaw,4.6,4.6,PF,PF,-3.08,-3.08,343,343,7,0.2,0.2,UTAH,UTAH,1.2,1.2,2.2,2.2,136.5,13,45,0.03,0.03,45,0.477,0.477
1.2,0.425,0.425,2.9,2.9,1.2,0.3,0.352,0.352,1,1,0.3,31,31,0.5,0.5,0.4,0.4,2.6,2.6,0.41,0.41,196,326,1.6,0.407,0.407,3.8,3.8,1.6,1.1,0.78,0.78,1.5,1.5,1.1,56,56,12.3,12.3,12.3,12.3,1,1.1,1.1,-2.3,-2.3,98.12,98.12,2940.5,1.2,1.2,10.5,10.5,Kris Humphries,Kris Humphries,4.6,4.6,PF,PF,-1.89,-1.89,345,345,4,0.3,0.3,ATL,ATL,0.5,0.5,3.7,3.7,67,9,31,0.54,0.54,31,0.451,0.451
1.5,0.522,0.522,2.8,2.8,1.5,0.3,0.229,0.229,1.4,1.4,0.3,30,30,1.2,1.2,0.2,0.2,1.6,1.6,1,1,197,329,1.8,0.422,0.422,4.2,4.2,1.8,0.6,0.735,0.735,0.8,0.8,0.6,82,82,15.6,15.6,15.6,15.6,1,0.4,0.4,-1.75,-1.75,101.21,101.21,314,1.6,1.6,5.7,5.7,Corey Brewer,Corey Brewer,4.5,4.5,SF,SF,-0.75,-0.75,348,348,7.61,0.7,0.7,HOU/LAL,HOU/LAL,0.7,0.7,2,2,51.5,15.5,47,1.99,1.99,47,0.461,0.461
0.8,0.473,0.473,1.8,1.8,0.8,0.9,0.384,0.384,2.4,2.4,0.9,25,25,0.9,0.9,0.1,0.1,1.6,1.6,0.57,0.57,198,330,1.7,0.422,0.422,4.1,4.1,1.7,0.2,0.714,0.714,0.2,0.2,0.2,31,31,15.1,15.1,15.1,15.1,1,0.4,0.4,-0.98,-0.98,98.05,98.05,125,0.7,0.7,8.1,8.1,Reggie Bullock,Reggie Bullock,4.5,4.5,SF,SF,-0.41,-0.41,349,349,2.26,0.6,0.6,DET,DET,0.3,0.3,2.1,2.1,20,13,13,0.79,0.79,13,0.531,0.531
1.1,0.398,0.398,2.7,2.7,1.1,0.6,0.292,0.292,2,2,0.6,20,20,1.4,1.4,0.3,0.3,2,2,-0.04,-0.04,199,333,1.7,0.353,0.353,4.7,4.7,1.7,0.5,0.679,0.679,0.7,0.7,0.5,77,77,17.8,17.8,17.8,17.8,1,0.5,0.5,-2.34,-2.34,96.99,96.99,10,1.6,1.6,4.8,4.8,Stanley Johnson,Stanley Johnson,4.4,4.4,SF,SF,-2.38,-2.38,353,353,2.97,0.7,0.7,DET,DET,0.9,0.9,2.5,2.5,0,19,35,0.63,0.63,35,0.415,0.415
1.7,0.492,0.492,3.4,3.4,1.7,0.1,0.35,0.35,0.3,0.3,0.1,21,21,0.4,0.4,0.4,0.4,3.5,3.5,1.03,1.03,200,338,1.8,0.481,0.481,3.6,3.6,1.8,0.8,0.638,0.638,1.3,1.3,0.8,74,74,17.1,17.1,17.1,17.1,1,1.8,1.8,-4.02,-4.02,98.18,98.18,218,2.1,2.1,7.3,7.3,Noah Vonleh,Noah Vonleh,4.4,4.4,PF,PF,-2.99,-2.99,358,358,2.75,0.4,0.4,POR,POR,0.9,0.9,5.2,5.2,23.5,12,38,0.11,0.11,38,0.494,0.494
1.2,0.457,0.457,2.6,2.6,1.2,0.5,0.386,0.386,1.3,1.3,0.5,22,22,1.6,1.6,0,0,0.7,0.7,-0.51,-0.51,201,340,1.7,0.433,0.433,3.9,3.9,1.7,0.4,0.84,0.84,0.5,0.5,0.4,53,53,11.1,11.1,11.1,11.1,1,0.2,0.2,-1.36,-1.36,100.23,100.23,18,1.1,1.1,7,7,Tyler Ennis,Tyler Ennis,4.3,4.3,PG,PG,-1.87,-1.87,360,360,1.73,0.5,0.5,HOU/LAL,HOU/LAL,0.8,0.8,0.8,0.8,11,6,28,0.49,0.49,28,0.498,0.498
0.6,0.356,0.356,1.6,1.6,0.6,0.9,0.386,0.386,2.4,2.4,0.9,31,31,1,1,0.5,0.5,1.8,1.8,-0.73,-0.73,202,342,1.5,0.374,0.374,4,4,1.5,0.3,0.722,0.722,0.4,0.4,0.3,47,47,21.9,21.9,21.9,21.9,1,0.3,0.3,-3.13,-3.13,96.76,96.76,412.5,0.9,0.9,4.3,4.3,Brandon Rush,Brandon Rush,4.2,4.2,SG,SG,-3.86,-3.86,363,363,3.5,0.5,0.5,MIN,MIN,0.6,0.6,2.1,2.1,14,1.5,15,-0.48,-0.48,15,0.492,0.492
1,0.514,0.514,1.9,1.9,1,0.5,0.378,0.378,1.3,1.3,0.5,19,19,0.4,0.4,0.5,0.5,1.3,1.3,0.17,0.17,203,348,1.5,0.459,0.459,3.2,3.2,1.5,0.6,0.653,0.653,0.9,0.9,0.6,57,57,9.9,9.9,9.9,9.9,1,0.7,0.7,-1.23,-1.23,94,94,976,1.5,1.5,7.2,7.2,Thon Maker,Thon Maker,4,4,C,C,-1.06,-1.06,370,370,2.57,0.2,0.2,MIL,MIL,0.3,0.3,2,2,0,39.5,31,0.7,0.7,31,0.536,0.536
1,0.478,0.478,2.1,2.1,1,0.6,0.259,0.259,2.5,2.5,0.6,24,24,0.7,0.7,0.1,0.1,2.3,2.3,-0.34,-0.34,204,350,1.6,0.36,0.36,4.5,4.5,1.6,0,,,0,0,0,11,11,14.5,14.5,14.5,14.5,1,0.7,0.7,-1.42,-1.42,94.67,94.67,11,1.4,1.4,5.8,5.8,Anthony Brown,Anthony Brown,3.9,3.9,SF,SF,-1.76,-1.76,373,373,0.06,0.5,0.5,NO/ORL,NO/ORL,0.5,0.5,3,3,3,3,3,0.08,0.08,3,0.43,0.43
1.2,0.389,0.389,3,3,1.2,0.2,0.36,0.36,0.6,0.6,0.2,22,22,0.2,0.2,0.2,0.2,2.9,2.9,1.17,1.17,205,351,1.4,0.384,0.384,3.6,3.6,1.4,1,0.8,0.8,1.2,1.2,1,42,42,13.3,13.3,13.3,13.3,1,1,1,-4.23,-4.23,97.39,97.39,80.5,2.2,2.2,6.9,6.9,Jarell Martin,Jarell Martin,3.9,3.9,PF,PF,-3.06,-3.06,374,374,1.47,0.4,0.4,MEM,MEM,0.7,0.7,3.9,3.9,2,4,23,0.02,0.02,23,0.414,0.414
1.1,0.533,0.533,2,2,1.1,0.4,0.321,0.321,1.3,1.3,0.4,20,20,0.5,0.5,0,0,0.5,0.5,0.21,0.21,206,352,1.5,0.452,0.452,3.3,3.3,1.5,0.4,0.8,0.8,0.5,0.5,0.4,22,22,7.5,7.5,7.5,7.5,1,0.2,0.2,-1.74,-1.74,103.72,103.72,159,0.5,0.5,8.6,8.6,Malik Beasley,Malik Beasley,3.8,3.8,SG,SG,-1.53,-1.53,375,375,1.63,0.3,0.3,DEN,DEN,0.4,0.4,0.8,0.8,0,14,12,0.18,0.18,12,0.514,0.514
1.2,0.404,0.404,3.1,3.1,1.2,0.3,0.288,0.288,0.9,0.9,0.3,22,22,2.4,2.4,0.5,0.5,1.8,1.8,-0.41,-0.41,207,353,1.5,0.377,0.377,4,4,1.5,0.5,0.61,0.61,0.8,0.8,0.5,78,78,17.1,17.1,17.1,17.1,1,0.3,0.3,-2.64,-2.64,96.78,96.78,597.5,2.3,2.3,5.1,5.1,Kris Dunn,Kris Dunn,3.8,3.8,PG,PG,-3.05,-3.05,376,376,3.87,1,1,MIN,MIN,1.1,1.1,2.1,2.1,165,47,30,0.06,0.06,30,0.411,0.411
0.9,0.523,0.523,1.7,1.7,0.9,0.6,0.346,0.346,1.7,1.7,0.6,29,29,0.9,0.9,0.2,0.2,2.7,2.7,-0.14,-0.14,208,354,1.5,0.435,0.435,3.4,3.4,1.5,0.3,0.703,0.703,0.5,0.5,0.3,78,78,15.8,15.8,15.8,15.8,1,0.8,0.8,-0.89,-0.89,98.94,98.94,215.5,1.6,1.6,6.9,6.9,Jonas Jerebko,Jonas Jerebko,3.8,3.8,PF,PF,-1.03,-1.03,377,377,5,0.3,0.3,BOS,BOS,0.5,0.5,3.5,3.5,7,17,51,1.63,1.63,51,0.521,0.521
0.8,0.454,0.454,1.8,1.8,0.8,0.4,0.356,0.356,1.2,1.2,0.4,20,20,2.6,2.6,0.1,0.1,1,1,-0.34,-0.34,209,356,1.3,0.414,0.414,3,3,1.3,0.6,0.767,0.767,0.7,0.7,0.6,60,60,12.9,12.9,12.9,12.9,1,0.2,0.2,0.11,0.11,97.51,97.51,472,0.8,0.8,9.6,9.6,Tyus Jones,Tyus Jones,3.5,3.5,PG,PG,-0.23,-0.23,379,379,1.47,0.8,0.8,MIN,MIN,0.6,0.6,1.1,1.1,0,14,23,1.4,1.4,23,0.486,0.486
1.1,0.513,0.513,2.2,2.2,1.1,0.2,0.2,0.2,0.8,0.8,0.2,25,25,0.4,0.4,0.4,0.4,1.3,1.3,1.36,1.36,210,357,1.3,0.426,0.426,3,3,1.3,0.8,0.737,0.737,1.1,1.1,0.8,18,18,7.5,7.5,7.5,7.5,1,0.5,0.5,-1.69,-1.69,96.52,96.52,166,1.8,1.8,8.2,8.2,Adreian Payne,Adreian Payne,3.5,3.5,PF,PF,-0.33,-0.33,381,381,2.02,0.4,0.4,MIN,MIN,0.4,0.4,1.8,1.8,0,13,5,0.24,0.24,5,0.454,0.454
0.8,0.413,0.413,1.8,1.8,0.8,0.6,0.321,0.321,2,2,0.6,20,20,0.6,0.6,0.2,0.2,1.1,1.1,-0.89,-0.89,211,359,1.4,0.365,0.365,3.8,3.8,1.4,0,0.4,0.4,0.1,0.1,0,41,41,11.2,11.2,11.2,11.2,1,0.1,0.1,-3.44,-3.44,96.36,96.36,128,0.8,0.8,5.2,5.2,Rashad Vaughn,Rashad Vaughn,3.5,3.5,SG,SG,-4.33,-4.33,383,383,1.81,0.5,0.5,MIL,MIL,0.3,0.3,1.2,1.2,2,7,18,-0.35,-0.35,18,0.449,0.449
1.5,0.497,0.497,3.1,3.1,1.5,0,0,0,0,0,0,27,27,0.8,0.8,0.4,0.4,1.6,1.6,0.2,0.2,212,360,1.5,0.494,0.494,3.1,3.1,1.5,0.4,0.564,0.564,0.8,0.8,0.4,51,51,10.3,10.3,10.3,10.3,1,0.8,0.8,-2.5,-2.5,99.46,99.46,336,1.2,1.2,8.5,8.5,Tyler Zeller,Tyler Zeller,3.5,3.5,C,C,-2.3,-2.3,384,384,8,0.1,0.1,BOS,BOS,0.4,0.4,2.4,2.4,15,14,32,0.28,0.28,32,0.494,0.494
0.7,0.483,0.483,1.4,1.4,0.7,0.7,0.277,0.277,2.3,2.3,0.7,19,19,0.5,0.5,0.5,0.5,1.9,1.9,-0.68,-0.68,213,362,1.3,0.354,0.354,3.7,3.7,1.3,0.1,0.364,0.364,0.3,0.3,0.1,43,43,13.3,13.3,13.3,13.3,1,0.5,0.5,-3.2,-3.2,100.06,100.06,495,1.7,1.7,3.3,3.3,Dragan Bender,Dragan Bender,3.4,3.4,PF,PF,-3.88,-3.88,386,386,4.28,0.2,0.2,PHX,PHX,0.7,0.7,2.4,2.4,,,13,-0.28,-0.28,13,0.441,0.441
1.1,0.414,0.414,2.6,2.6,1.1,0.3,0.167,0.167,1.6,1.6,0.3,24,24,0.3,0.3,0.1,0.1,1.5,1.5,0.9,0.9,214,365,1.4,0.319,0.319,4.3,4.3,1.4,0.4,0.5,0.5,0.7,0.7,0.4,11,11,10.7,10.7,10.7,10.7,1,0.9,0.9,-2.7,-2.7,96.58,96.58,368.5,1.5,1.5,2.7,2.7,Jared Sullinger,Jared Sullinger,3.4,3.4,PF,PF,-1.8,-1.8,389,389,5.63,0.4,0.4,TOR,TOR,0.4,0.4,2.5,2.5,11,2,2,0.1,0.1,2,0.351,0.351
0.7,0.448,0.448,1.5,1.5,0.7,0.5,0.286,0.286,1.8,1.8,0.5,20,20,0.4,0.4,0.1,0.1,1.7,1.7,0.38,0.38,215,369,1.2,0.359,0.359,3.4,3.4,1.2,0.2,0.5,0.5,0.4,0.4,0.2,19,19,7.7,7.7,7.7,7.7,1,0.4,0.4,-2.32,-2.32,95.74,95.74,147,0.3,0.3,7.6,7.6,Henry Ellenson,Henry Ellenson,3.2,3.2,PF,PF,-1.94,-1.94,395,395,1.7,0.1,0.1,DET,DET,0.7,0.7,2.2,2.2,6.5,5,8,0.1,0.1,8,0.438,0.438
0.5,0.481,0.481,1.1,1.1,0.5,0.6,0.349,0.349,1.7,1.7,0.6,39,39,0.4,0.4,0.2,0.2,1.9,1.9,1.24,1.24,216,370,1.1,0.4,0.4,2.8,2.8,1.1,0.4,0.769,0.769,0.5,0.5,0.4,25,25,11.1,11.1,11.1,11.1,1,0,0,-2.04,-2.04,97.71,97.71,1671,1.6,1.6,4.4,4.4,Paul Pierce,Paul Pierce,3.2,3.2,SF,SF,-0.8,-0.8,396,396,3.53,0.2,0.2,LAC,LAC,0.6,0.6,1.9,1.9,346.5,142,16,0.4,0.4,16,0.507,0.507
1.2,0.48,0.48,2.5,2.5,1.2,0.1,0.1,0.1,0.5,0.5,0.1,24,24,1.1,1.1,0.1,0.1,0.9,0.9,-1.29,-1.29,217,373,1.3,0.417,0.417,3,3,1.3,0.6,0.688,0.688,0.8,0.8,0.6,20,20,10.3,10.3,10.3,10.3,1,0.4,0.4,-2.02,-2.02,91.12,91.12,81.5,0.8,0.8,7.2,7.2,Briante Weber,Briante Weber,3.1,3.1,PG,PG,-3.31,-3.31,399,399,1.47,0.6,0.6,GS/CHA,GS/CHA,0.4,0.4,1.3,1.3,29.5,14,12,-0.02,-0.02,12,0.425,0.425
1,1,1,1,1,1,0,0,0,0.5,0.5,0,33,33,2.5,2.5,0,0,0,0,0.01,0.01,218,374,1,0.667,0.667,1.5,1.5,1,1,1,1,1,1,1,2,2,16.5,16.5,16.5,16.5,1,0,0,-1.85,-1.85,97.67,97.67,245.5,2,2,5.1,5.1,Jarrett Jack,Jarrett Jack,3,3,PG,PG,-1.84,-1.84,400,400,0.06,1,1,NO,NO,1.5,1.5,0,0,11.5,7,1,0.03,0.03,1,0.667,0.667
1.4,0.475,0.475,3,3,1.4,0,0,0,0,0,0,32,32,1.8,1.8,0.9,0.9,6,6,4.34,4.34,219,378,1.4,0.469,0.469,3,3,1.4,0.1,0.273,0.273,0.4,0.4,0.1,27,27,21.6,21.6,21.6,21.6,1,2.1,2.1,-4.01,-4.01,93.14,93.14,1435.5,3.2,3.2,9.2,9.2,Andrew Bogut,Andrew Bogut,2.9,2.9,C,C,0.33,0.33,405,405,0.24,0.5,0.5,CLE/DAL,CLE/DAL,1.6,1.6,8.1,8.1,57,4,8,1.2,1.2,8,0.469,0.469
0.8,0.341,0.341,2.2,2.2,0.8,0.3,0.379,0.379,0.8,0.8,0.3,22,22,0.9,0.9,0.1,0.1,1,1,0.83,0.83,220,381,1.1,0.351,0.351,3,3,1.1,0.5,0.818,0.818,0.6,0.6,0.5,37,37,7.9,7.9,7.9,7.9,1,0.1,0.1,-2.44,-2.44,97.63,97.63,116.5,1,1,7.8,7.8,Fred VanVleet,Fred VanVleet,2.9,2.9,PG,PG,-1.61,-1.61,408,408,1.31,0.4,0.4,TOR,TOR,0.4,0.4,1.1,1.1,0,17.5,25,0.28,0.28,25,0.401,0.401
0.8,0.587,0.587,1.4,1.4,0.8,0.2,0.189,0.189,1.2,1.2,0.2,28,28,0.3,0.3,0.2,0.2,1.3,1.3,0.9,0.9,221,387,1.1,0.41,0.41,2.6,2.6,1.1,0.4,0.765,0.765,0.5,0.5,0.4,32,32,12,12,12,12,1,0.3,0.3,-3.25,-3.25,99.19,99.19,354,0.9,0.9,4.6,4.6,Kyle Singler,Kyle Singler,2.8,2.8,SF,SF,-2.35,-2.35,415,415,4.84,0.2,0.2,OKC,OKC,0.3,0.3,1.5,1.5,9,6,15,0.19,0.19,15,0.452,0.452
1,0.477,0.477,2.1,2.1,1,0,,,0,0,0,30,30,0.5,0.5,0.3,0.3,3.7,3.7,1.94,1.94,222,389,1,0.477,0.477,2.1,2.1,1,0.7,0.59,0.59,1.3,1.3,0.7,31,31,15.5,15.5,15.5,15.5,1,1.5,1.5,-2.97,-2.97,99.64,99.64,8,1.6,1.6,7.3,7.3,Omer Asik,Omer Asik,2.7,2.7,C,C,-1.03,-1.03,418,418,9.9,0.2,0.2,NO,NO,0.5,0.5,5.3,5.3,,,12,0.65,0.65,12,0.477,0.477
0.9,0.473,0.473,1.9,1.9,0.9,0.2,0.243,0.243,0.6,0.6,0.2,25,25,1.6,1.6,0.1,0.1,1,1,1.08,1.08,223,393,1.1,0.415,0.415,2.6,2.6,1.1,0.4,0.697,0.697,0.6,0.6,0.4,57,57,12.6,12.6,12.6,12.6,1,0.4,0.4,-2.1,-2.1,95.69,95.69,4,1.1,1.1,6.4,6.4,Tomas Satoransky,Tomas Satoransky,2.7,2.7,SG,SG,-1.02,-1.02,422,422,2.87,0.5,0.5,WSH,WSH,0.7,0.7,1.5,1.5,7,8.5,33,0.93,0.93,33,0.446,0.446
1,0.452,0.452,2.2,2.2,1,0.1,0.185,0.185,0.7,0.7,0.1,27,27,0.3,0.3,0.2,0.2,1.2,1.2,-0.67,-0.67,224,396,1.1,0.387,0.387,2.9,2.9,1.1,0.2,0.643,0.643,0.4,0.4,0.2,38,38,9,9,9,9,1,0.4,0.4,-3.54,-3.54,97.45,97.45,3,1.4,1.4,3.1,3.1,Andrew Nicholson,Andrew Nicholson,2.6,2.6,PF,PF,-4.21,-4.21,425,425,6.09,0.4,0.4,BKN/WSH,BKN/WSH,0.4,0.4,1.6,1.6,5,5,20,-0.23,-0.23,20,0.41,0.41
0.6,0.396,0.396,1.5,1.5,0.6,0.3,0.37,0.37,0.7,0.7,0.3,28,28,0.9,0.9,0.2,0.2,1.4,1.4,0.76,0.76,225,399,0.9,0.387,0.387,2.3,2.3,0.9,0.4,0.625,0.625,0.6,0.6,0.4,62,62,12.5,12.5,12.5,12.5,1,0.3,0.3,-3.13,-3.13,97.12,97.12,150.5,1.3,1.3,4.6,4.6,DeAndre Liggins,DeAndre Liggins,2.5,2.5,SG,SG,-2.37,-2.37,428,428,1.58,0.8,0.8,CLE/DAL,CLE/DAL,0.7,0.7,1.7,1.7,2,2,40,0.37,0.37,40,0.447,0.447
1,0.478,0.478,2,2,1,0,,,0,0,0,28,28,0.5,0.5,0.3,0.3,1.3,1.3,0.52,0.52,226,402,1,0.478,0.478,2,2,1,0.6,0.641,0.641,0.9,0.9,0.6,45,45,10.8,10.8,10.8,10.8,1,0.8,0.8,-2.79,-2.79,95.64,95.64,362,1.6,1.6,4,4,Miles Plumlee,Miles Plumlee,2.5,2.5,C,C,-2.27,-2.27,431,431,12.5,0.4,0.4,MIL/CHA,MIL/CHA,0.7,0.7,2.1,2.1,11,3,19,0.25,0.25,19,0.478,0.478
0.7,0.406,0.406,1.8,1.8,0.7,0.2,0.148,0.148,1.5,1.5,0.2,28,28,0.9,0.9,0.2,0.2,1.5,1.5,0.26,0.26,227,403,0.9,0.288,0.288,3.3,3.3,0.9,0.4,0.875,0.875,0.4,0.4,0.4,18,18,10.8,10.8,10.8,10.8,1,0.6,0.6,-2.92,-2.92,97.93,97.93,7,0.7,0.7,5.8,5.8,Mike Scott,Mike Scott,2.5,2.5,PF,PF,-2.66,-2.66,432,432,3.33,0.2,0.2,ATL,ATL,0.4,0.4,2.1,2.1,2,1,7,0.06,0.06,7,0.322,0.322
0.3,0.2,0.2,1.7,1.7,0.3,0.3,0.333,0.333,1,1,0.3,30,30,1.7,1.7,0.3,0.3,0.7,0.7,-0.38,-0.38,228,406,0.7,0.25,0.25,2.7,2.7,0.7,0.7,0.667,0.667,1,1,0.7,3,3,13,13,13,13,1,0,0,-1.77,-1.77,102.41,102.41,39,2,2,0.9,0.9,Greivis Vasquez,Greivis Vasquez,2.3,2.3,PG,PG,-2.15,-2.15,435,435,4.35,0.3,0.3,BKN,BKN,0.3,0.3,0.7,0.7,10,8.5,1,0.03,0.03,1,0.313,0.313
0.4,0.565,0.565,0.8,0.8,0.4,0.4,0.343,0.343,1.2,1.2,0.4,21,21,0.1,0.1,0.1,0.1,0.7,0.7,-0.28,-0.28,229,408,0.9,0.431,0.431,2,2,0.9,0.2,0.667,0.667,0.3,0.3,0.2,29,29,7.6,7.6,7.6,7.6,1,0.2,0.2,-1.88,-1.88,100.01,100.01,12,0.5,0.5,6.4,6.4,James Young,James Young,2.3,2.3,SG,SG,-2.16,-2.16,437,437,1.83,0.3,0.3,BOS,BOS,0.1,0.1,0.9,0.9,0,12,16,0.14,0.14,16,0.534,0.534
0.7,0.442,0.442,1.5,1.5,0.7,0,,,0,0,0,25,25,0.1,0.1,0.2,0.2,1,1,0.5,0.5,230,412,0.7,0.442,0.442,1.5,1.5,0.7,0.7,0.724,0.724,1,1,0.7,29,29,7.6,7.6,7.6,7.6,1,0.9,0.9,-2.2,-2.2,98.43,98.43,185,1.3,1.3,4.9,4.9,Rakeem Christmas,Rakeem Christmas,2,2,PF,PF,-1.7,-1.7,442,442,1.47,0.1,0.1,IND,IND,0.3,0.3,1.9,1.9,13,3,14,0.2,0.2,14,0.442,0.442
0.7,0.55,0.55,1.3,1.3,0.7,0,0,0,0.2,0.2,0,36,36,0.4,0.4,0.1,0.1,1.8,1.8,0.73,0.73,231,414,0.7,0.478,0.478,1.4,1.4,0.7,0.6,0.6,0.6,0.9,0.9,0.6,16,16,8.1,8.1,8.1,8.1,1,0.5,0.5,-2.79,-2.79,98.53,98.53,401,1.4,1.4,7.3,7.3,Udonis Haslem,Udonis Haslem,1.9,1.9,C,C,-2.06,-2.06,446,446,4,0.4,0.4,MIA,MIA,0.5,0.5,2.3,2.3,28.5,18,6,0.09,0.09,6,0.478,0.478
0.4,0.222,0.222,1.8,1.8,0.4,0.2,0.167,0.167,1.2,1.2,0.2,25,25,1.2,1.2,0,0,1.2,1.2,0.62,0.62,232,419,0.6,0.2,0.2,3,3,0.6,0.4,0.667,0.667,0.6,0.6,0.4,5,5,8,8,8,8,1,0.2,0.2,-2.23,-2.23,93.96,93.96,82,1.2,1.2,-0.4,-0.4,Lamar Patterson,Lamar Patterson,1.8,1.8,SG,SG,-1.61,-1.61,452,452,0.25,0.2,0.2,ATL,ATL,0.8,0.8,1.4,1.4,4,4,1,0.03,0.03,1,0.233,0.233
0.7,0.523,0.523,1.4,1.4,0.7,0,,,0,0,0,28,28,0.4,0.4,0.4,0.4,1.7,1.7,1.83,1.83,233,421,0.7,0.523,0.523,1.4,1.4,0.7,0.2,0.682,0.682,0.4,0.4,0.2,62,62,8.6,8.6,8.6,8.6,1,0.8,0.8,-1.82,-1.82,97.42,97.42,220.5,1.4,1.4,7.6,7.6,Cole Aldrich,Cole Aldrich,1.7,1.7,C,C,0.01,0.01,454,454,7.64,0.4,0.4,MIN,MIN,0.3,0.3,2.5,2.5,22,9,23,1.04,1.04,23,0.523,0.523
0.7,0.636,0.636,1.1,1.1,0.7,0,0,0,0.1,0.1,0,36,36,0.6,0.6,0.1,0.1,1.1,1.1,1.12,1.12,234,422,0.7,0.609,0.609,1.2,1.2,0.7,0.3,0.625,0.625,0.4,0.4,0.3,20,20,6.4,6.4,6.4,6.4,1,0.5,0.5,-2.18,-2.18,97.52,97.52,283.5,0.9,0.9,12,12,Nick Collison,Nick Collison,1.7,1.7,PF,PF,-1.06,-1.06,455,455,3.75,0.1,0.1,OKC,OKC,0.2,0.2,1.6,1.6,10,12,10,0.17,0.17,10,0.609,0.609
0.4,0.4,0.4,1.1,1.1,0.4,0.2,0.333,0.333,0.7,0.7,0.2,21,21,0.4,0.4,0.1,0.1,0.6,0.6,0.11,0.11,235,424,0.7,0.375,0.375,1.8,1.8,0.7,0,,,0,0,0,9,9,4.4,4.4,4.4,4.4,1,0.6,0.6,-1.76,-1.76,95.38,95.38,270.5,0.4,0.4,9.4,9.4,Bruno Caboclo,Bruno Caboclo,1.6,1.6,SF,SF,-1.65,-1.65,457,457,1.59,0.2,0.2,TOR,TOR,0.2,0.2,1.1,1.1,11,8,8,0.04,0.04,8,0.438,0.438
0.3,0.222,0.222,1.1,1.1,0.3,0.3,0.4,0.4,0.6,0.6,0.3,25,25,0.5,0.5,0.3,0.3,1.1,1.1,1.45,1.45,236,426,0.5,0.286,0.286,1.8,1.8,0.5,0.3,0.833,0.833,0.4,0.4,0.3,16,16,6.9,6.9,6.9,6.9,1,0.1,0.1,-1.94,-1.94,96.26,96.26,23,0.3,0.3,7.3,7.3,Ryan Kelly,Ryan Kelly,1.6,1.6,PF,PF,-0.49,-0.49,459,459,1.58,0.3,0.3,ATL,ATL,0.3,0.3,1.1,1.1,17,10,6,0.08,0.08,6,0.357,0.357
0.6,0.455,0.455,1.3,1.3,0.6,0,0,0,0,0,0,22,22,0.3,0.3,0.2,0.2,0.8,0.8,-0.15,-0.15,237,427,0.6,0.441,0.441,1.4,1.4,0.6,0.3,0.571,0.571,0.6,0.6,0.3,25,25,5.6,5.6,5.6,5.6,1,0.5,0.5,-2.62,-2.62,97.66,97.66,129.5,0.5,0.5,6,6,Jordan Mickey,Jordan Mickey,1.5,1.5,PF,PF,-2.77,-2.77,460,460,1.47,0.1,0.1,BOS,BOS,0.4,0.4,1.4,1.4,0,3,9,0.03,0.03,9,0.441,0.441
0.2,0.273,0.273,0.8,0.8,0.2,0,0,0,0.2,0.2,0,29,29,0.5,0.5,0.1,0.1,0.8,0.8,0.43,0.43,238,439,0.2,0.214,0.214,1.1,1.1,0.2,0.4,0.556,0.556,0.7,0.7,0.4,13,13,6.8,6.8,6.8,6.8,1,0.3,0.3,-2.11,-2.11,104.33,104.33,109,1.1,1.1,0.8,0.8,Alonzo Gee,Alonzo Gee,0.8,0.8,SF,SF,-1.68,-1.68,475,475,0.06,0.4,0.4,DEN,DEN,0.3,0.3,1.2,1.2,,,4,0.08,0.08,4,0.214,0.214